Workbook

Sheet Pivot Table_Thiet bi_1
A1: Eng name | B1: ENG | C1: From | D1: Received date | E1: Count - ENG*
A2: - | B2: Broken display cable | C2: TS | D2: (empty) | E2: 1
B3: Broken mechanical latch, beyond repair | C3: TS | D3: (empty) | E3: 2
B4: Deformed spring, overstretched | C4: TS | D4: (empty) | E4: 1
B5: IC failure | C5: TS | D5: (empty) | E5: 2
B6: Lost, code cancelled | C6: TS | D6: (empty) | E6: 2
B7: Motor and spring failure | C7: HTV | D7: 45233 | E7: 1
B8: Motor failure | C8: 0 | D8: (empty) | E8: 1
C9: HTV | D9: 45233 | E9: 5
D10: (empty) | E10: 1
C11: TS | D11: (empty) | E11: 15
B12: NG: Blown internal circuit in multimeter | C12: TS | D12: (empty) | E12: 1
B13: No power | C13: 0 | D13: (empty) | E13: 1
C14: TS | D14: (empty) | E14: 5
B15: Oxidized | C15: TS | D15: 45996 | E15: 1
D16: (empty) | E16: 5
B17: The plastic is melting | C17: 0 | D17: (empty) | E17: 1
C18: TS | D18: (empty) | E18: 5
B19: Transformer failure | C19: TS | D19: (empty) | E19: 1
B20: (empty) | C20: 0 | D20: (empty)
C21: TS | D21: (empty)
A22: Auto screwdriver machine | B22: Inoperative, missing accessories | C22: TS | D22: (empty) | E22: 1
A23: Automatic tape wrapping machine | B23: Not in use (No purpose), idle for >6 months | C23: TS | D23: (empty) | E23: 1
A24: Barcode Scanner | B24: IC failure | C24: TS | D24: (empty) | E24: 2
A25: Cable Tie Gun | B25: Broken mechanical latch, beyond repair | C25: TS | D25: (empty) | E25: 5
A26: Case | B26: No power, suspected IC failure | C26: Viet Nam | D26: 46101 | E26: 1
A27: Component Lead Cutting Machine | B27: No power | C27: TS | D27: (empty) | E27: 1
B28: Not in use (No purpose), idle for >6 months | C28: TS | D28: (empty) | E28: 2
A29: Digital Oscilloscope | B29: Non-existent, Code overlap, Cancel code | C29: 0 | D29: (empty) | E29: 2
A30: Digital thermometer | B30: Screen damaged beyond repair | C30: TS | D30: (empty) | E30: 1
A31: Digital torque meter | B31: Force sensor and battery failure | C31: TS | D31: (empty) | E31: 1
A32: Electric Solder Pot Tin | B32: Not in use due to no production | C32: TS | D32: (empty) | E32: 2
A33: Electronic Scale | B33: Faulty sensor, inaccurate readings | C33: TS | D33: (empty) | E33: 4
B34: Screen does not turn on | C34: TS | D34: 46030 | E34: 1
D35: (empty) | E35: 2
A36: Feeler gauge | B36: Oxidized | C36: TS | D36: (empty) | E36: 1
A37: Fixture | B37: Discontinued due to new design | C37: TS | D37: 45658 | E37: 1
B38: Lost, not in use | C38: TS | D38: 45658 | E38: 1
B39: Not in use due to no production | C39: TS | D39: (empty) | E39: 16
A40: Force gauge | B40: Warped | C40: TS | D40: (empty) | E40: 2
A41: Frequence Counter | B41: Transformer failure | C41: TS | D41: (empty) | E41: 1
A42: Glue gun | B42: The plastic is melting | C42: TS | D42: (empty) | E42: 5
A43: Heat gun | B43: Faulty IC, no power | C43: TS | D43: 45996 | E43: 1
B44: Transformer failure | C44: TS | D44: 45996 | E44: 1
A45: Hot air Gun | B45: Broken fan blade | C45: TS | D45: (empty) | E45: 1
B46: The plastic is melting | C46: TS | D46: (empty) | E46: 2
A47: Iphone | B47: No power | C47: TS | D47: (empty) | E47: 4
A48: Jig | B48: Not in use due to no production | C48: TS | D48: (empty) | E48: 9
A49: Logtag ST-LINK | B49: Defective, no power | C49: Logtag | D49: (empty) | E49: 1
A50: Lux meter | B50: No power | C50: TS | D50: (empty) | E50: 1
A51: Module Bluetooth | B51: No power, unable to test | C51: TS | D51: (empty) | E51: 3
B52: (empty) | C52: TS | D52: (empty)
A53: Pneumatic double press | B53: Not in use (No purpose), idle for >6 months | C53: TS | D53: (empty) | E53: 6
A54: Screw driver | B54: Motor and spring failure | C54: HTV | D54: 45233 | E54: 8
D55: (empty) | E55: 1
C56: TS | D56: 45843 | E56: 1
D57: (empty) | E57: 29
B58: Motor failure | C58: HTV | D58: 45233 | E58: 13
C59: TS | D59: 45843 | E59: 4
D60: (empty) | E60: 46
A61: Screwdriver Power Supply | B61: The transformer is burnt out | C61: TS | D61: (empty) | E61: 2
A62: Signal Generator | B62: Signal interference, intermittent | C62: TS | D62: (empty) | E62: 1
A63: Solder paste printer machine | B63: Not in use (No purpose), idle for >6 months | C63: TS | D63: (empty) | E63: 1
A64: Soldering Station | B64: IC failure | C64: TS | D64: (empty) | E64: 6
B65: No power | C65: TS | D65: (empty) | E65: 10
B66: Transformer failure | C66: TS | D66: (empty) | E66: 10
A67: Temperature/humidity meter | B67: Screen damaged beyond repair | C67: TS | D67: 45996 | E67: 1
A68: Torque Adjustment Screwdriver | B68: Broken mechanical latch, beyond repair | C68: TS | D68: (empty) | E68: 1
A69: Tweezers LCR Reader | B69: (empty) | C69: TS | D69: (empty)
A70: Ultrasonic welding machine | B70: Not in use (No purpose), idle for >6 months | C70: TS | D70: (empty) | E70: 3
A71: Video converter video to VGA | B71: Screen does not turn on | C71: TS | D71: (empty) | E71: 1
A72: Total Result | E72: 271

Sheet Thiet bi
A1: TT | B1: Hình | C1: Status | D1: Code | E1: Hiện trạng hỏng | F1: ENG | G1: Ảnh NG | H1: Video NG | I1: Eng name | J1: Vie Name | K1: Manufacturer | L1: Model | M1: Equipment Serial | N1: TS Serial | O1: Use for customer | P1: Use for model | Q1: Equipment No. | R1: FA No. | S1: Calibration Type | T1: Calibration Date | U1: Out of Calibration Date | V1: Status | W1: Tình trạng | X1: Vị trí sử dụng | Y1: Calibration Team | Z1: Mô tả | AA1: Chú thích | AB1: Ý kiến đóng góp | AC1: Số tệp báo cáo | AD1: Tên tệp báo cáo | AE1: Link báo cáo | AF1: slf | AG1: Received date | AH1: From
A2: 1 | C2: NG | D2: PIE00001 | E2: Hỏng motor, lò xo | F2: Motor and spring failure | I2: - | J2: - | K2: - | L2: - | M2: - | N2: - | O2: - | P2: - | Q2: - | R2: - | S2: No Need | T2: - | U2: - | V2: . | W2: Scrap | X2: Line 14 | Z2: - | AA2: Súng bắn vít nhỏ | AB2: - | AC2: 0 | AF2: 1 | AG2: =INDEX(Sheet3!Y:Y,MATCH(D2,Sheet3!A:A,0)) -> 45233 | AH2: =INDEX(Sheet3!X:X,MATCH(D2,Sheet3!A:A,0)) -> HTV
A3: 2 | C3: NG | D3: PIE00002 | E3: Hỏng motor, lò xo | F3: Motor and spring failure | I3: Screw driver | J3: Súng bắn vít | K3: Shuang Ai | L3: POL-SDGS-0115 | M3: - | N3: - | O3: Common | P3: - | Q3: - | R3: - | S3: No Need | T3: - | U3: - | V3: Không cần hiệu chuẩn | W3: Scrap | X3: REPAIR | Z3: 24VDC, 0,1 ~ 1 Nm | AA3: Súng bắn vít nhỏ | AB3: - | AC3: 0 | AF3: 1 | AG3: =INDEX(Sheet3!Y:Y,MATCH(D3,Sheet3!A:A,0)) -> 45233 | AH3: =INDEX(Sheet3!X:X,MATCH(D3,Sheet3!A:A,0)) -> HTV
A4: 3 | C4: NG | D4: PIE00003 | E4: Hỏng motor, lò xo | F4: Motor and spring failure | I4: Screw driver | J4: Súng bắn vít | K4: Shuang Ai | L4: POL-SDGS-0115 | M4: - | N4: - | O4: Common | P4: - | Q4: 50662 | R4: - | S4: No Need | T4: - | U4: - | V4: Không cần hiệu chuẩn | W4: Scrap | X4: JIG | Z4: 24VDC, 0,1 ~ 1 Nm | AA4: Súng bắn vít nhỏ | AB4: - | AC4: 0 | AF4: 1 | AH4: =INDEX(Sheet3!X:X,MATCH(D4,Sheet3!A:A,0)) -> TS
A5: 4 | C5: NG | D5: PIE00004 | E5: Hỏng motor, lò xo | F5: Motor and spring failure | I5: Screw driver | J5: Súng bắn vít | K5: Shuang Ai | L5: POL-SDGS-0115 | M5: - | N5: - | O5: Common | P5: - | Q5: - | R5: - | S5: No Need | T5: - | U5: - | V5: Không cần hiệu chuẩn | W5: NG | X5: JIG | Z5: 24VDC, 0,1 ~ 1 Nm | AA5: Súng bắn vít nhỏ | AB5: - | AC5: 0 | AF5: 1 | AG5: =INDEX(Sheet3!Y:Y,MATCH(D5,Sheet3!A:A,0)) -> 45233 | AH5: =INDEX(Sheet3!X:X,MATCH(D5,Sheet3!A:A,0)) -> HTV
A6: 5 | C6: NG | D6: PIE00005 | E6: Hỏng motor | F6: Motor failure | I6: Screw driver | J6: Súng bắn vít | K6: Shuang Ai | L6: POL-SDGS-0530 | M6: - | N6: - | O6: Common | P6: - | Q6: - | R6: - | S6: No Need | T6: - | U6: - | V6: Không cần hiệu chuẩn | W6: NG | X6: JIG | Z6: 24VDC, 0,8 ~ 1,6 Nm | AA6: - | AB6: - | AC6: 0 | AF6: 1 | AG6: =INDEX(Sheet3!Y:Y,MATCH(D6,Sheet3!A:A,0)) -> 45233 | AH6: =INDEX(Sheet3!X:X,MATCH(D6,Sheet3!A:A,0)) -> HTV
A7: 6 | C7: NG | D7: PIE00006 | E7: Hỏng motor | F7: Motor failure | I7: Screw driver | J7: Súng bắn vít | K7: Shuang Ai | L7: POL-SDGS-0530 | M7: - | N7: - | O7: Common | P7: - | Q7: - | R7: - | S7: No Need | T7: - | U7: - | V7: Không cần hiệu chuẩn | W7: Scrap | X7: Line 9 | Z7: 24VDC, 0,8 ~ 1,6 Nm | AA7: Súng xanh | AB7: - | AC7: 0 | AF7: 1 | AG7: =INDEX(Sheet3!Y:Y,MATCH(D7,Sheet3!A:A,0)) -> 45233 | AH7: =INDEX(Sheet3!X:X,MATCH(D7,Sheet3!A:A,0)) -> HTV
A8: 7 | C8: NG | D8: PIE00007 | E8: Hỏng motor | F8: Motor failure | I8: Screw driver | J8: Súng bắn vít | K8: Shuang Ai | L8: POL-SDGS-0530 | M8: - | N8: - | O8: Common | P8: - | Q8: - | R8: - | S8: No Need | T8: - | U8: - | V8: Không cần hiệu chuẩn | W8: NG | X8: Line 14 | Z8: 24VDC, 0,8 ~ 1,6 Nm | AA8: Súng xanh | AB8: - | AC8: 0 | AF8: 1 | AG8: =INDEX(Sheet3!Y:Y,MATCH(D8,Sheet3!A:A,0)) -> 45233 | AH8: =INDEX(Sheet3!X:X,MATCH(D8,Sheet3!A:A,0)) -> HTV
A9: 8 | C9: NG | D9: PIE00008 | E9: Hỏng motor, lò xo | F9: Motor and spring failure | I9: Screw driver | J9: Súng bắn vít | K9: Shuang Ai | L9: POL-SDGS-0115 | M9: - | N9: - | O9: Common | P9: - | Q9: 50661 | R9: - | S9: No Need | T9: - | U9: - | V9: Không cần hiệu chuẩn | W9: Scrap | X9: JIG | Z9: 24VDC, 0,1 ~ 1 Nm | AA9: Súng bắn vít nhỏ | AB9: - | AC9: 0 | AF9: 1 | AH9: =INDEX(Sheet3!X:X,MATCH(D9,Sheet3!A:A,0)) -> HTV
A10: 9 | C10: NG | D10: PIE00008 | E10: Hỏng motor | F10: Motor failure | I10: - | J10: - | K10: - | L10: - | M10: - | N10: - | O10: - | P10: - | Q10: - | R10: - | S10: No Need | T10: - | U10: - | V10: . | W10: Scrap | X10: JIG | Z10: - | AA10: Súng xanh | AB10: - | AC10: 0 | AF10: 1 | AH10: =INDEX(Sheet3!X:X,MATCH(D10,Sheet3!A:A,0)) -> HTV
A11: 10 | C11: NG | D11: PIE00010 | E11: Hỏng motor | F11: Motor failure | I11: Screw driver | J11: Súng bắn vít | K11: Shuang Ai | L11: POL-SDGS-0530 | M11: - | N11: - | O11: Common | P11: - | Q11: - | R11: - | S11: No Need | T11: - | U11: - | V11: Không cần hiệu chuẩn | W11: NG | X11: JIG | Z11: 24VDC, 0,8 ~ 1,6 Nm | AA11: Súng xanh | AB11: - | AC11: 0 | AF11: 1 | AG11: =INDEX(Sheet3!Y:Y,MATCH(D11,Sheet3!A:A,0)) -> 45233 | AH11: =INDEX(Sheet3!X:X,MATCH(D11,Sheet3!A:A,0)) -> HTV
A12: 11 | C12: NG | D12: PIE00011 | E12: Hỏng motor | F12: Motor failure | I12: Screw driver | J12: Súng bắn vít | K12: Shuang Ai | L12: POL-SDGS-0530 | M12: - | N12: - | O12: Common | P12: - | Q12: - | R12: - | S12: No Need | T12: - | U12: - | V12: Không cần hiệu chuẩn | W12: NG | X12: JIG | Z12: 24VDC, 0,8 ~ 1,6 Nm | AA12: Súng xanh | AB12: - | AC12: 0 | AF12: 1 | AG12: =INDEX(Sheet3!Y:Y,MATCH(D12,Sheet3!A:A,0)) -> 45233 | AH12: =INDEX(Sheet3!X:X,MATCH(D12,Sheet3!A:A,0)) -> HTV
A13: 12 | C13: NG | D13: PIE00013 | E13: Hỏng motor | F13: Motor failure | I13: - | J13: - | K13: - | L13: - | M13: - | N13: - | O13: - | P13: - | Q13: - | R13: - | S13: No Need | T13: - | U13: - | V13: . | W13: Scrap | X13: Chưa phân loại | Z13: - | AA13: Súng bắn vít nhỏ | AB13: - | AC13: 0 | AF13: 1 | AG13: =INDEX(Sheet3!Y:Y,MATCH(D13,Sheet3!A:A,0)) -> 45233 | AH13: =INDEX(Sheet3!X:X,MATCH(D13,Sheet3!A:A,0)) -> HTV
A14: 13 | C14: NG | D14: PIE00014 | E14: Hỏng motor, lò xo | F14: Motor and spring failure | I14: Screw driver | J14: Súng bắn vít | K14: Shuang Ai | L14: POL-SDGS-0115 | M14: - | N14: - | O14: Common | P14: - | Q14: - | R14: - | S14: No Need | T14: - | U14: - | V14: Không cần hiệu chuẩn | W14: NG | X14: Line 11 | Z14: 24VDC, 0,1 ~ 1 Nm | AA14: Súng bắn vít nhỏ | AB14: - | AC14: 0 | AF14: 1 | AG14: =INDEX(Sheet3!Y:Y,MATCH(D14,Sheet3!A:A,0)) -> 45233 | AH14: =INDEX(Sheet3!X:X,MATCH(D14,Sheet3!A:A,0)) -> HTV
A15: 14 | C15: NG | D15: PIE00015 | E15: Hỏng motor | F15: Motor failure | I15: - | J15: - | K15: - | L15: - | M15: - | N15: - | O15: - | P15: - | Q15: - | R15: - | S15: No Need | T15: - | U15: - | V15: . | W15: Scrap | X15: JIG | Z15: - | AA15: Súng bắn vít nhỏ | AB15: - | AC15: 0 | AF15: 1 | AG15: =INDEX(Sheet3!Y:Y,MATCH(D15,Sheet3!A:A,0)) -> 45233 | AH15: =INDEX(Sheet3!X:X,MATCH(D15,Sheet3!A:A,0)) -> HTV
A16: 15 | C16: NG | D16: PIE00016 | E16: Hỏng motor | F16: Motor failure | I16: - | J16: - | K16: - | L16: - | M16: - | N16: - | O16: - | P16: - | Q16: - | R16: - | S16: No Need | T16: - | U16: - | V16: . | W16: Scrap | X16: JIG | Z16: - | AA16: Súng bắn vít nhỏ | AB16: - | AC16: 0 | AF16: 1 | AG16: =INDEX(Sheet3!Y:Y,MATCH(D16,Sheet3!A:A,0)) -> 45233 | AH16: =INDEX(Sheet3!X:X,MATCH(D16,Sheet3!A:A,0)) -> HTV
A17: 16 | C17: NG | D17: PIE00017 | E17: Hỏng motor | F17: Motor failure | I17: Screw driver | J17: Súng bắn vít | K17: Shuang Ai | L17: POL-SDGS-0530 | M17: - | N17: - | O17: Common | P17: - | Q17: - | R17: - | S17: No Need | T17: - | U17: - | V17: Không cần hiệu chuẩn | W17: NG | X17: Chưa phân loại | Z17: 24VDC, 0,8 ~ 1,6 Nm | AA17: Súng xanh | AB17: - | AC17: 0 | AF17: 1 | AG17: =INDEX(Sheet3!Y:Y,MATCH(D17,Sheet3!A:A,0)) -> 45233 | AH17: =INDEX(Sheet3!X:X,MATCH(D17,Sheet3!A:A,0)) -> HTV
A18: 17 | C18: NG | D18: PIE00018 | E18: Hỏng motor | F18: Motor failure | I18: Screw driver | J18: Súng bắn vít | K18: Shuang Ai | L18: POL-SDGS-0530 | M18: - | N18: - | O18: Common | P18: - | Q18: - | R18: - | S18: No Need | T18: - | U18: - | V18: Không cần hiệu chuẩn | W18: NG | X18: Line 1 | Z18: 24VDC, 0,8 ~ 1,6 Nm | AA18: Súng xanh | AB18: - | AC18: 0 | AF18: 1 | AG18: =INDEX(Sheet3!Y:Y,MATCH(D18,Sheet3!A:A,0)) -> 45233 | AH18: =INDEX(Sheet3!X:X,MATCH(D18,Sheet3!A:A,0)) -> HTV
A19: 18 | C19: NG | D19: PIE00019 | E19: Không lên nguồn | F19: No power | I19: Soldering Station | J19: Máy hàn | K19: HAKO | L19: SLD 936 | M19: - | N19: - | O19: Common | P19: - | Q19: 50398 | R19: - | S19: No Need | T19: - | U19: - | V19: Không cần hiệu chuẩn | W19: NG | X19: JIG | Z19: 220V, 60W | AA19: - | AB19: - | AC19: 0 | AF19: 1 | AH19: =INDEX(Sheet3!X:X,MATCH(D19,Sheet3!A:A,0)) -> TS
A20: 19 | C20: NG | D20: PIE00026 | E20: Hỏng motor | F20: Motor failure | I20: Screw driver | J20: Súng bắn vít | K20: Shuang Ai | L20: POL-SDGS-0530 | M20: - | N20: - | O20: Common | P20: - | Q20: - | R20: - | S20: No Need | T20: - | U20: - | V20: Không cần hiệu chuẩn | W20: NG | X20: JIG | Z20: 24VDC, 0,8 ~ 1,6 Nm | AA20: Súng xanh | AB20: - | AC20: 0 | AF20: 1 | AG20: =INDEX(Sheet3!Y:Y,MATCH(D20,Sheet3!A:A,0)) -> 45233 | AH20: =INDEX(Sheet3!X:X,MATCH(D20,Sheet3!A:A,0)) -> HTV
A21: 20 | C21: NG | D21: PIE00027 | E21: Hỏng motor | F21: Motor failure | I21: Screw driver | J21: Súng bắn vít | K21: Shuang Ai | L21: POL-SDGS-0530 | M21: - | N21: - | O21: Common | P21: - | Q21: - | R21: - | S21: No Need | T21: - | U21: - | V21: Không cần hiệu chuẩn | W21: NG | X21: Line 1 | Z21: 24VDC, 0,8 ~ 1,6 Nm | AA21: Súng xanh | AB21: - | AC21: 0 | AF21: 1 | AG21: =INDEX(Sheet3!Y:Y,MATCH(D21,Sheet3!A:A,0)) -> 45233 | AH21: =INDEX(Sheet3!X:X,MATCH(D21,Sheet3!A:A,0)) -> HTV
A22: 21 | C22: NG | D22: PIE00028 | E22: Hỏng motor | F22: Motor failure | I22: Screw driver | J22: Súng bắn vít | K22: Shuang Ai | L22: POL-SDGS-0530 | M22: - | N22: - | O22: Common | P22: - | Q22: - | R22: - | S22: No Need | T22: - | U22: - | V22: Không cần hiệu chuẩn | W22: NG | X22: JIG | Z22: 24VDC, 0,8 ~ 1,6 Nm | AA22: Súng xanh | AB22: - | AC22: 0 | AF22: 1 | AG22: =INDEX(Sheet3!Y:Y,MATCH(D22,Sheet3!A:A,0)) -> 45233 | AH22: =INDEX(Sheet3!X:X,MATCH(D22,Sheet3!A:A,0)) -> HTV
A23: 22 | C23: NG | D23: PIE00029 | E23: Hỏng motor | F23: Motor failure | I23: Screw driver | J23: Súng bắn vít | K23: Shuang Ai | L23: POL-SDGS-0530 | M23: - | N23: - | O23: Common | P23: - | Q23: - | R23: - | S23: No Need | T23: - | U23: - | V23: Không cần hiệu chuẩn | W23: NG | X23: Line 10 | Z23: 24VDC, 0,8 ~ 1,6 Nm | AA23: Súng xanh | AB23: - | AC23: 0 | AF23: 1 | AG23: =INDEX(Sheet3!Y:Y,MATCH(D23,Sheet3!A:A,0)) -> 45233 | AH23: =INDEX(Sheet3!X:X,MATCH(D23,Sheet3!A:A,0)) -> HTV
A24: 23 | C24: NG | D24: PIE00030 | E24: Hỏng motor | F24: Motor failure | I24: Screw driver | J24: Súng bắn vít | K24: Shuang Ai | L24: POL-SDGS-0530 | M24: - | N24: - | O24: Common | P24: - | Q24: - | R24: - | S24: No Need | T24: - | U24: - | V24: Không cần hiệu chuẩn | W24: NG | X24: JIG | Z24: 24VDC, 0,8 ~ 1,6 Nm | AA24: Súng xanh | AB24: - | AC24: 0 | AF24: 1 | AG24: =INDEX(Sheet3!Y:Y,MATCH(D24,Sheet3!A:A,0)) -> 45233 | AH24: =INDEX(Sheet3!X:X,MATCH(D24,Sheet3!A:A,0)) -> HTV
A25: 24 | C25: NG | D25: PIE00031 | E25: Hỏng motor | F25: Motor failure | I25: Screw driver | J25: Súng bắn vít | K25: - | L25: POL-SDGS-0530 | M25: - | N25: - | O25: Common | P25: - | Q25: - | R25: - | S25: No Need | T25: - | U25: - | V25: Không cần hiệu chuẩn | W25: NG | X25: Line 1 | Z25: 24VDC, 0,8 ~ 1,6 Nm | AA25: Súng xanh | AB25: - | AC25: 0 | AF25: 1 | AG25: =INDEX(Sheet3!Y:Y,MATCH(D25,Sheet3!A:A,0)) -> 45233 | AH25: =INDEX(Sheet3!X:X,MATCH(D25,Sheet3!A:A,0)) -> HTV
A26: 25 | C26: NG | D26: PIE00032 | E26: Hỏng motor, lò xo | F26: Motor and spring failure | I26: Screw driver | J26: Súng bắn vít | K26: Shuang Ai | L26: POL-SDGS-0115 | M26: - | N26: - | O26: Common | P26: - | Q26: - | R26: - | S26: No Need | T26: - | U26: - | V26: Không cần hiệu chuẩn | W26: NG | X26: JIG | Z26: 24VDC, 0,1 ~ 1 Nm | AA26: Súng bắn vít nhỏ | AB26: - | AC26: 0 | AF26: 1 | AG26: =INDEX(Sheet3!Y:Y,MATCH(D26,Sheet3!A:A,0)) -> 45233 | AH26: =INDEX(Sheet3!X:X,MATCH(D26,Sheet3!A:A,0)) -> HTV
A27: 26 | C27: NG | D27: PIE00033 | E27: Hỏng motor, lò xo | F27: Motor and spring failure | I27: Screw driver | J27: Súng bắn vít | K27: Shuang Ai | L27: POL-SDGS-0115 | M27: - | N27: - | O27: Common | P27: - | Q27: - | R27: - | S27: No Need | T27: - | U27: - | V27: Không cần hiệu chuẩn | W27: NG | X27: REPAIR | Z27: 24VDC, 0,1 ~ 1 Nm | AA27: Súng bắn vít nhỏ | AB27: - | AC27: 0 | AF27: 1 | AG27: =INDEX(Sheet3!Y:Y,MATCH(D27,Sheet3!A:A,0)) -> 45233 | AH27: =INDEX(Sheet3!X:X,MATCH(D27,Sheet3!A:A,0)) -> HTV
A28: 27 | C28: NG | D28: PIE00034 | E28: Hỏng motor, lò xo | F28: Motor and spring failure | I28: Screw driver | J28: Súng bắn vít | K28: Shuang Ai | L28: POL-SDGS-0115 | M28: - | N28: - | O28: Common | P28: - | Q28: - | R28: - | S28: No Need | T28: - | U28: - | V28: Không cần hiệu chuẩn | W28: Scrap | X28: JIG | Z28: 24VDC, 0,1 ~ 1 Nm | AA28: Súng bắn vít nhỏ | AB28: - | AC28: 0 | AF28: 1 | AG28: =INDEX(Sheet3!Y:Y,MATCH(D28,Sheet3!A:A,0)) -> 45233 | AH28: =INDEX(Sheet3!X:X,MATCH(D28,Sheet3!A:A,0)) -> HTV
A29: 28 | C29: NG | D29: PIE00035 | E29: Hỏng motor, lò xo | F29: Motor and spring failure | I29: Screw driver | J29: Súng bắn vít | K29: Shuang Ai | L29: POL-SDGS-0115 | M29: - | N29: - | O29: Common | P29: - | Q29: - | R29: - | S29: No Need | T29: - | U29: - | V29: Không cần hiệu chuẩn | W29: NG | X29: JIG | Z29: 24VDC, 0,1 ~ 1 Nm | AA29: Súng bắn vít nhỏ | AB29: - | AC29: 0 | AF29: 1 | AG29: =INDEX(Sheet3!Y:Y,MATCH(D29,Sheet3!A:A,0)) -> 45233 | AH29: =INDEX(Sheet3!X:X,MATCH(D29,Sheet3!A:A,0)) -> HTV
A30: 29 | C30: NG | D30: PIE00036 | E30: Hỏng motor | F30: Motor failure | I30: - | J30: - | K30: - | L30: - | M30: - | N30: - | O30: - | P30: - | Q30: - | R30: - | S30: No Need | T30: - | U30: - | V30: . | W30: Scrap | X30: Chưa phân loại | Z30: - | AA30: Súng bắn vít nhỏ | AB30: - | AC30: 0 | AF30: 1 | AG30: =INDEX(Sheet3!Y:Y,MATCH(D30,Sheet3!A:A,0)) -> 45233 | AH30: =INDEX(Sheet3!X:X,MATCH(D30,Sheet3!A:A,0)) -> HTV
A31: 30 | C31: NG | D31: PIE00037 | E31: Hỏng motor, lò xo | F31: Motor and spring failure | I31: Screw driver | J31: Súng bắn vít | K31: Shuang Ai | L31: POL-SDGS-0115 | M31: - | N31: - | O31: Common | P31: - | Q31: - | R31: - | S31: No Need | T31: - | U31: - | V31: Không cần hiệu chuẩn | W31: NG | X31: Line 13 | Z31: - | AA31: Súng bắn vít nhỏ | AB31: - | AC31: 0 | AF31: 1 | AG31: =INDEX(Sheet3!Y:Y,MATCH(D31,Sheet3!A:A,0)) -> 45233 | AH31: =INDEX(Sheet3!X:X,MATCH(D31,Sheet3!A:A,0)) -> HTV
A32: 31 | C32: NG | D32: PIE00038 | E32: Hỏng motor | F32: Motor failure | I32: - | J32: - | K32: - | L32: - | M32: - | N32: - | O32: - | P32: - | Q32: - | R32: - | S32: No Need | T32: - | U32: - | V32: . | W32: Scrap | X32: Chưa phân loại | Z32: - | AA32: Súng bắn vít nhỏ | AB32: - | AC32: 0 | AF32: 1 | AG32: =INDEX(Sheet3!Y:Y,MATCH(D32,Sheet3!A:A,0)) -> 45233 | AH32: =INDEX(Sheet3!X:X,MATCH(D32,Sheet3!A:A,0)) -> HTV
A33: 32 | C33: Scrap | D33: PIE00047 | E33: Hỏng IC | F33: IC failure | I33: Barcode Scanner | J33: Súng Scan Barcode | K33: SYBLE | L33: XB-2178G | M33: - | N33: - | O33: Common | P33: - | Q33: - | R33: - | S33: No Need | T33: - | U33: - | V33: Không cần hiệu chuẩn | W33: Scrap | X33: JIG | Z33: Súng scan barcode 1D | AA33: - | AB33: - | AC33: 0 | AF33: 1 | AH33: =INDEX(Sheet3!X:X,MATCH(D33,Sheet3!A:A,0)) -> TS
A34: 33 | C34: NG | D34: PIE00056 | E34: nhiễu sóng,chập chờn | F34: Signal interference, intermittent | H34: Z:\FTP\PIE\MPVN Oder\MPVN NG - No use - Scrap Device\VIdeo NG\PIE00056.mp4 | I34: Signal Generator | J34: Máy tạo sóng dùng cho sản xuất | K34: LWDQGS | L34: TAG-101 | M34: 221105843 | N34: - | O34: Roland | P34: - | Q34: 51007 | R34: - | S34: External | T34: 2025-05-24 | U34: 2026-05-24 | V34: Hết hạn hiệu chuẩn | W34: NG | X34: JIG | Y34: Hiệu chuẩn ngoài | Z34: Máy tạo sóng | AA34: 20260515 Hiệu chuẩn NG (Lỗi: Chập chờn) | AB34: - | AC34: 0 | AF34: 1 | AH34: =INDEX(Sheet3!X:X,MATCH(D34,Sheet3!A:A,0)) -> TS
A35: 34 | C35: NG | D35: PIE00101 | E35: Hỏng motor, lò xo | F35: Motor and spring failure | G35: Z:\FTP\PIE\MPVN Oder\MPVN NG - No use - Scrap Device\Ảnh NG\súng trắng.png | I35: Screw driver | J35: Súng bắn vít | K35: Shuang Ai | L35: POL-SDGS-0115 | M35: - | N35: - | O35: Common | P35: - | Q35: 50655 | R35: - | S35: No Need | T35: - | U35: - | V35: Không cần hiệu chuẩn | W35: Scrap | X35: Chưa phân loại | Z35: 24VDC, 0,1 ~ 1 Nm | AA35: Súng bắn vít nhỏ | AB35: - | AC35: 0 | AF35: 1 | AH35: =INDEX(Sheet3!X:X,MATCH(D35,Sheet3!A:A,0)) -> TS
A36: 35 | C36: NG | D36: PIE00102 | E36: Hỏng motor, lò xo | F36: Motor and spring failure | G36: Z:\FTP\PIE\MPVN Oder\MPVN NG - No use - Scrap Device\Ảnh NG\súng trắng.png | I36: Screw driver | J36: Súng bắn vít | K36: Shuang Ai | L36: POL-SDGS-0115 | M36: - | N36: - | O36: Common | P36: - | Q36: - | R36: - | S36: No Need | T36: - | U36: - | V36: Không cần hiệu chuẩn | W36: Scrap | X36: Chưa phân loại | Z36: 24VDC, 0,1 ~ 1 Nm | AA36: Súng bắn vít nhỏ | AB36: - | AC36: 0 | AF36: 1 | AH36: =INDEX(Sheet3!X:X,MATCH(D36,Sheet3!A:A,0)) -> TS
A37: 36 | C37: NG | D37: PIE00103 | E37: Hỏng motor | F37: Motor failure | G37: Z:\FTP\PIE\MPVN Oder\MPVN NG - No use - Scrap Device\Ảnh NG\súng trắng.png | I37: - | J37: - | K37: - | L37: - | M37: - | N37: - | O37: - | P37: - | Q37: - | R37: - | S37: No Need | T37: - | U37: - | V37: . | W37: Scrap | X37: Chưa phân loại | Z37: - | AA37: Súng bắn vít nhỏ | AB37: - | AC37: 0 | AF37: 1 | AH37: =INDEX(Sheet3!X:X,MATCH(D37,Sheet3!A:A,0)) -> TS
A38: 37 | C38: NG | D38: PIE00104 | E38: Hỏng motor, lò xo | F38: Motor and spring failure | G38: Z:\FTP\PIE\MPVN Oder\MPVN NG - No use - Scrap Device\Ảnh NG\súng trắng.png | I38: Screw driver | J38: Súng bắn vít | K38: Shuang Ai | L38: POL-SDGS-0115 | M38: - | N38: - | O38: Common | P38: - | Q38: - | R38: - | S38: No Need | T38: - | U38: - | V38: Không cần hiệu chuẩn | W38: Scrap | X38: Chưa phân loại | Z38: 24VDC, 0,1 ~ 1 Nm | AA38: Súng bắn vít nhỏ | AB38: - | AC38: 0 | AF38: 1 | AH38: =INDEX(Sheet3!X:X,MATCH(D38,Sheet3!A:A,0)) -> TS
A39: 38 | C39: NG | D39: PIE00105 | E39: Hỏng motor | F39: Motor failure | G39: Z:\FTP\PIE\MPVN Oder\MPVN NG - No use - Scrap Device\Ảnh NG\súng trắng.png | I39: - | J39: - | K39: - | L39: - | M39: - | N39: - | O39: - | P39: - | Q39: - | R39: - | S39: No Need | T39: - | U39: - | V39: . | W39: Scrap | X39: Chưa phân loại | Z39: - | AA39: Súng bắn vít nhỏ | AB39: - | AC39: 0 | AF39: 1 | AH39: =INDEX(Sheet3!X:X,MATCH(D39,Sheet3!A:A,0)) -> TS
A40: 39 | C40: NG | D40: PIE00107 | E40: Hỏng motor | F40: Motor failure | G40: Z:\FTP\PIE\MPVN Oder\MPVN NG - No use - Scrap Device\Ảnh NG\súng trắng.png | I40: Screw driver | J40: Súng bắn vít | K40: - | L40: POL-SD2 | M40: - | N40: - | O40: Common | P40: - | Q40: 50871 | R40: - | S40: No Need | T40: - | U40: - | V40: Không cần hiệu chuẩn | W40: NG | X40: JIG | Z40: 24VDC, 0.6A | AA40: Súng Trắng | AB40: - | AC40: 0 | AF40: 1 | AH40: =INDEX(Sheet3!X:X,MATCH(D40,Sheet3!A:A,0)) -> TS
A41: 40 | C41: NG | D41: PIE00109 | E41: Hỏng motor | F41: Motor failure | G41: Z:\FTP\PIE\MPVN Oder\MPVN NG - No use - Scrap Device\Ảnh NG\súng trắng.png | I41: Screw driver | J41: Súng bắn vít | K41: - | L41: POL-SD1 | M41: - | N41: - | O41: Common | P41: - | Q41: - | R41: - | S41: No Need | T41: - | U41: - | V41: Không cần hiệu chuẩn | W41: NG | X41: JIG | Z41: 24VDC, 0.6A | AA41: Súng Trắng | AB41: - | AC41: 0 | AF41: 1 | AH41: =INDEX(Sheet3!X:X,MATCH(D41,Sheet3!A:A,0)) -> TS
A42: 41 | C42: NG | D42: PIE00110 | E42: Hỏng motor | F42: Motor failure | G42: Z:\FTP\PIE\MPVN Oder\MPVN NG - No use - Scrap Device\Ảnh NG\súng trắng.png | I42: Screw driver | J42: Súng bắn vít | K42: - | L42: POL-SD1 | M42: - | N42: - | O42: Common | P42: - | Q42: 50980 | R42: - | S42: No Need | T42: - | U42: - | V42: Không cần hiệu chuẩn | W42: NG | X42: Chưa phân loại | Z42: 24VDC, 0.6A | AA42: Súng Trắng | AB42: - | AC42: 0 | AF42: 1 | AH42: =INDEX(Sheet3!X:X,MATCH(D42,Sheet3!A:A,0)) -> TS
A43: 42 | C43: NG | D43: PIE00111 | E43: Hỏng motor | F43: Motor failure | G43: Z:\FTP\PIE\MPVN Oder\MPVN NG - No use - Scrap Device\Ảnh NG\súng trắng.png | I43: Screw driver | J43: Súng bắn vít | K43: - | L43: POL-SD1 | M43: - | N43: - | O43: Common | P43: - | Q43: - | R43: - | S43: No Need | T43: - | U43: - | V43: Không cần hiệu chuẩn | W43: NG | X43: JIG | Z43: 24VDC, 0.6A | AA43: Súng Trắng | AB43: - | AC43: 0 | AF43: 1 | AH43: =INDEX(Sheet3!X:X,MATCH(D43,Sheet3!A:A,0)) -> TS
A44: 43 | C44: NG | D44: PIE00112 | E44: Hỏng motor | F44: Motor failure | G44: Z:\FTP\PIE\MPVN Oder\MPVN NG - No use - Scrap Device\Ảnh NG\súng trắng.png | I44: Screw driver | J44: Súng bắn vít | K44: - | L44: POL-SD1 | M44: - | N44: - | O44: Common | P44: - | Q44: 50128 | R44: - | S44: No Need | T44: - | U44: - | V44: Không cần hiệu chuẩn | W44: Scrap | X44: JIG | Z44: 24VDC, 0.6A | AA44: Súng Trắng | AB44: - | AC44: 0 | AF44: 1 | AH44: =INDEX(Sheet3!X:X,MATCH(D44,Sheet3!A:A,0)) -> TS
A45: 44 | C45: NG | D45: PIE00113 | E45: Hỏng motor | F45: Motor failure | G45: Z:\FTP\PIE\MPVN Oder\MPVN NG - No use - Scrap Device\Ảnh NG\súng trắng.png | I45: Screw driver | J45: Súng bắn vít | K45: - | L45: POL-SD1 | M45: - | N45: - | O45: Common | P45: - | Q45: 50664 | R45: - | S45: No Need | T45: - | U45: - | V45: Không cần hiệu chuẩn | W45: Scrap | X45: Chưa phân loại | Z45: 24VDC, 0.6A | AA45: Súng Trắng | AB45: - | AC45: 0 | AF45: 1 | AH45: =INDEX(Sheet3!X:X,MATCH(D45,Sheet3!A:A,0)) -> TS
A46: 45 | C46: Scrap | D46: PIE00123 | E46: Hỏng biến áp | F46: Transformer failure | I46: - | J46: - | K46: - | L46: - | M46: - | N46: - | O46: Common | P46: - | Q46: 50372 | R46: - | S46: No Need | T46: - | U46: - | V46: . | W46: Scrap | X46: JIG | Z46: - | AA46: - | AB46: - | AC46: 0 | AF46: 1 | AH46: =INDEX(Sheet3!X:X,MATCH(D46,Sheet3!A:A,0)) -> TS
A47: 46 | C47: NG | D47: PIE00124 | E47: Hỏng biến áp | F47: Transformer failure | G47: Z:\FTP\PIE\MPVN Oder\MPVN NG - No use - Scrap Device\Ảnh NG\máy hàn hako.jpg | I47: Soldering Station | J47: Máy hàn | K47: HAKO | L47: SLD 936 | M47: - | N47: - | O47: Common | P47: - | Q47: 50102 | R47: - | S47: No Need | T47: - | U47: - | V47: Không cần hiệu chuẩn | W47: NG | X47: JIG | Z47: 220V, 60W | AA47: - | AB47: - | AC47: 0 | AF47: 1 | AH47: =INDEX(Sheet3!X:X,MATCH(D47,Sheet3!A:A,0)) -> TS
A48: 47 | C48: NG | D48: PIE00125 | E48: Chết IC | F48: IC failure | G48: Z:\FTP\PIE\MPVN Oder\MPVN NG - No use - Scrap Device\Ảnh NG\máy hàn hako.jpg | I48: Soldering Station | J48: Máy hàn | K48: HAKO | L48: SLD 936 | M48: - | N48: - | O48: Common | P48: - | Q48: 50445 | R48: - | S48: No Need | T48: - | U48: - | V48: Không cần hiệu chuẩn | W48: NG | X48: JIG | Z48: 220V, 60W | AA48: - | AB48: - | AC48: 0 | AF48: 1 | AH48: =INDEX(Sheet3!X:X,MATCH(D48,Sheet3!A:A,0)) -> TS
A49: 48 | C49: NG | D49: PIE00126 | E49: Chết IC | F49: IC failure | G49: Z:\FTP\PIE\MPVN Oder\MPVN NG - No use - Scrap Device\Ảnh NG\máy hàn hako.jpg | I49: Soldering Station | J49: Máy hàn | K49: HAKO | L49: SLD 936 | M49: - | N49: - | O49: Common | P49: - | Q49: 50486 | R49: - | S49: No Need | T49: - | U49: - | V49: Không cần hiệu chuẩn | W49: NG | X49: Line 14 | Z49: 220V, 60W | AA49: - | AB49: - | AC49: 0 | AF49: 1 | AH49: =INDEX(Sheet3!X:X,MATCH(D49,Sheet3!A:A,0)) -> TS
A50: 49 | C50: NG | D50: PIE00127 | E50: Chết IC | F50: IC failure | G50: Z:\FTP\PIE\MPVN Oder\MPVN NG - No use - Scrap Device\Ảnh NG\máy hàn hako.jpg | I50: Soldering Station | J50: Máy hàn | K50: HAKO | L50: SLD 936 | M50: - | N50: - | O50: Common | P50: - | Q50: 50383 | R50: - | S50: No Need | T50: - | U50: - | V50: Không cần hiệu chuẩn | W50: NG | X50: Line 1 | Z50: 220V, 60W | AA50: - | AB50: - | AC50: 0 | AF50: 1 | AH50: =INDEX(Sheet3!X:X,MATCH(D50,Sheet3!A:A,0)) -> TS
A51: 50 | C51: Scrap | D51: PIE00128 | E51: Chết IC | F51: IC failure | I51: - | J51: - | K51: - | L51: - | M51: - | N51: - | O51: Common | P51: - | Q51: 50378 | R51: - | S51: No Need | T51: - | U51: - | V51: . | W51: Scrap | X51: JIG | Z51: - | AA51: - | AB51: - | AC51: 0 | AF51: 1 | AH51: =INDEX(Sheet3!X:X,MATCH(D51,Sheet3!A:A,0)) -> TS
A52: 51 | C52: NG | D52: PIE00129 | E52: Chết IC | F52: IC failure | G52: Z:\FTP\PIE\MPVN Oder\MPVN NG - No use - Scrap Device\Ảnh NG\máy hàn hako.jpg | I52: Soldering Station | J52: Máy hàn | K52: HAKO | L52: SLD 936 | M52: - | N52: - | O52: Common | P52: - | Q52: 50568 | R52: - | S52: No Need | T52: - | U52: - | V52: Không cần hiệu chuẩn | W52: NG | X52: JIG | Z52: 220V, 60W | AA52: - | AB52: - | AC52: 0 | AF52: 1 | AH52: =INDEX(Sheet3!X:X,MATCH(D52,Sheet3!A:A,0)) -> TS
A53: 52 | C53: NG | D53: PIE00130 | E53: Chết IC | F53: IC failure | G53: Z:\FTP\PIE\MPVN Oder\MPVN NG - No use - Scrap Device\Ảnh NG\máy hàn hako.jpg | I53: Soldering Station | J53: Máy hàn | K53: HAKO | L53: SLD 936 | M53: - | N53: - | O53: Common | P53: - | Q53: 50377 | R53: - | S53: No Need | T53: - | U53: - | V53: Không cần hiệu chuẩn | W53: NG | X53: JIG | Z53: 220V, 60W | AA53: - | AB53: - | AC53: 0 | AF53: 1 | AH53: =INDEX(Sheet3!X:X,MATCH(D53,Sheet3!A:A,0)) -> TS
A54: 53 | C54: NG | D54: PIE00131 | E54: Chết IC | F54: IC failure | G54: Z:\FTP\PIE\MPVN Oder\MPVN NG - No use - Scrap Device\Ảnh NG\máy hàn hako.jpg | I54: Soldering Station | J54: Máy hàn | K54: HAKO | L54: SLD 936 | M54: - | N54: - | O54: Common | P54: - | Q54: 50379 | R54: - | S54: No Need | T54: - | U54: - | V54: Không cần hiệu chuẩn | W54: NG | X54: JIG | Z54: 220V, 60W | AA54: - | AB54: - | AC54: 0 | AF54: 1 | AH54: =INDEX(Sheet3!X:X,MATCH(D54,Sheet3!A:A,0)) -> TS
A55: 54 | C55: NG | D55: PIE00132 | E55: Hỏng biến áp | F55: Transformer failure | G55: Z:\FTP\PIE\MPVN Oder\MPVN NG - No use - Scrap Device\Ảnh NG\máy hàn hako.jpg | I55: Soldering Station | J55: Máy hàn | K55: HAKO | L55: SLD 936 | M55: - | N55: - | O55: Common | P55: - | Q55: 50437 | R55: - | S55: No Need | T55: - | U55: - | V55: Không cần hiệu chuẩn | W55: NG | X55: JIG | Z55: 220V, 60W | AA55: - | AB55: - | AC55: 0 | AF55: 1 | AH55: =INDEX(Sheet3!X:X,MATCH(D55,Sheet3!A:A,0)) -> TS
A56: 55 | C56: NG | D56: PIE00133 | E56: Hỏng biến áp | F56: Transformer failure | G56: Z:\FTP\PIE\MPVN Oder\MPVN NG - No use - Scrap Device\Ảnh NG\máy hàn hako.jpg | I56: Soldering Station | J56: Máy hàn | K56: HAKO | L56: SLD 936 | M56: - | N56: - | O56: Common | P56: - | Q56: 50397 | R56: - | S56: No Need | T56: - | U56: - | V56: Không cần hiệu chuẩn | W56: NG | X56: PIE | Z56: - | AA56: - | AB56: - | AC56: 0 | AF56: 1 | AH56: =INDEX(Sheet3!X:X,MATCH(D56,Sheet3!A:A,0)) -> TS
A57: 56 | C57: NG | D57: PIE00134 | E57: Hỏng biến áp | F57: Transformer failure | G57: Z:\FTP\PIE\MPVN Oder\MPVN NG - No use - Scrap Device\Ảnh NG\máy hàn hako.jpg | I57: Soldering Station | J57: Máy hàn | K57: HAKO | L57: SLD 936 | M57: - | N57: - | O57: Common | P57: - | Q57: 50396 | R57: - | S57: No Need | T57: - | U57: - | V57: Không cần hiệu chuẩn | W57: NG | X57: JIG | Z57: - | AA57: - | AB57: - | AC57: 0 | AF57: 1 | AH57: =INDEX(Sheet3!X:X,MATCH(D57,Sheet3!A:A,0)) -> TS
A58: 57 | C58: NG | D58: PIE00135 | E58: Hỏng biến áp | F58: Transformer failure | G58: Z:\FTP\PIE\MPVN Oder\MPVN NG - No use - Scrap Device\Ảnh NG\máy hàn hako.jpg | I58: Soldering Station | J58: Máy hàn | K58: HAKO | L58: SLD 936 | M58: - | N58: - | O58: Common | P58: - | Q58: 50120 | R58: - | S58: No Need | T58: - | U58: - | V58: Không cần hiệu chuẩn | W58: NG | X58: Line 12 | Z58: Máy hàn | AA58: - | AB58: - | AC58: 0 | AF58: 1 | AH58: =INDEX(Sheet3!X:X,MATCH(D58,Sheet3!A:A,0)) -> TS
A59: 58 | C59: Scrap | D59: PIE00136 | E59: Hỏng biến áp | F59: Transformer failure | G59: Z:\FTP\PIE\MPVN Oder\MPVN NG - No use - Scrap Device\Ảnh NG\máy hàn hako.jpg | I59: Soldering Station | J59: Máy hàn | K59: HAKO | L59: SLD 936 | M59: - | N59: - | O59: Common | P59: - | Q59: - | R59: - | S59: No Need | T59: - | U59: - | V59: Không cần hiệu chuẩn | W59: Scrap | X59: JIG | Z59: - | AA59: - | AB59: - | AC59: 0 | AF59: 1 | AH59: =INDEX(Sheet3!X:X,MATCH(D59,Sheet3!A:A,0)) -> TS
A60: 59 | C60: NG | D60: PIE00147 | E60: Hỏng biến áp | F60: Transformer failure | I60: Frequence Counter | J60: Máy đo tần số | K60: GoldStar | L60: FC-2015 | M60: - | N60: - | O60: Roland | P60: - | Q60: 50626 | R60: - | S60: External | T60: 2023-08-28 | U60: 2024-08-27 | V60: Hết hạn hiệu chuẩn | W60: NG | X60: JIG | Y60: Hiệu chuẩn ngoài | Z60: 150Mhz | AA60: - | AB60: - | AC60: 0 | AF60: 1 | AH60: =INDEX(Sheet3!X:X,MATCH(D60,Sheet3!A:A,0)) -> TS
A61: 60 | C61: Scrap | D61: PIE00153 | E61: chảy nhựa | F61: The plastic is melting | G61: Z:\FTP\PIE\MPVN Oder\MPVN NG - No use - Scrap Device\Ảnh NG\máy khò cầm tay.jpg | I61: Hot Air Gun | J61: Máy khò cầm tay | K61: BOSCH | L61: GHG20-63 | M61: 24000331 | N61: - | O61: Common | P61: - | Q61: 50391 | R61: - | S61: No Need | T61: - | U61: - | V61: Không cần hiệu chuẩn | W61: Scrap | X61: JIG | Z61: - | AA61: - | AB61: - | AC61: 0 | AF61: 1 | AH61: =INDEX(Sheet3!X:X,MATCH(D61,Sheet3!A:A,0)) -> TS
A62: 61 | C62: NG | D62: PIE00154 | E62: Hỏng motor, lò xo | F62: Motor and spring failure | G62: Z:\FTP\PIE\MPVN Oder\MPVN NG - No use - Scrap Device\Ảnh NG\súng trắng.png | I62: Screw driver | J62: Súng bắn vít | K62: Shuang Ai | L62: POL-SDGS-0115 | M62: - | N62: - | O62: Common | P62: - | Q62: - | R62: - | S62: No Need | T62: - | U62: - | V62: Không cần hiệu chuẩn | W62: Scrap | X62: Chưa phân loại | Z62: 24VDC, 0,1 ~ 1 Nm | AA62: Súng bắn vít nhỏ | AB62: - | AC62: 0 | AF62: 1 | AH62: =INDEX(Sheet3!X:X,MATCH(D62,Sheet3!A:A,0)) -> TS
A63: 62 | C63: NG | D63: PIE00155 | E63: Hỏng motor, lò xo | F63: Motor and spring failure | G63: Z:\FTP\PIE\MPVN Oder\MPVN NG - No use - Scrap Device\Ảnh NG\súng trắng.png | I63: Screw driver | J63: Súng bắn vít | K63: Shuang Ai | L63: POL-SDGS-0115 | M63: - | N63: - | O63: Common | P63: - | Q63: 50650 | R63: - | S63: No Need | T63: - | U63: - | V63: Không cần hiệu chuẩn | W63: Scrap | X63: Chưa phân loại | Z63: 24VDC, 0,1 ~ 1 Nm | AA63: Súng bắn vít nhỏ | AB63: - | AC63: 0 | AF63: 1 | AH63: =INDEX(Sheet3!X:X,MATCH(D63,Sheet3!A:A,0)) -> TS
A64: 63 | C64: NG | D64: PIE00156 | E64: Hỏng motor, lò xo | F64: Motor and spring failure | G64: Z:\FTP\PIE\MPVN Oder\MPVN NG - No use - Scrap Device\Ảnh NG\súng trắng.png | I64: Screw driver | J64: Súng bắn vít | K64: Shuang Ai | L64: POL-SDGS-0115 | M64: - | N64: - | O64: Common | P64: - | Q64: - | R64: - | S64: No Need | T64: - | U64: - | V64: Không cần hiệu chuẩn | W64: Scrap | X64: Chưa phân loại | Z64: 24VDC, 0,1 ~ 1 Nm | AA64: Súng bắn vít nhỏ | AB64: - | AC64: 0 | AF64: 1 | AH64: =INDEX(Sheet3!X:X,MATCH(D64,Sheet3!A:A,0)) -> TS
A65: 64 | C65: NG | D65: PIE00157 | E65: Hỏng motor | F65: Motor failure | G65: Z:\FTP\PIE\MPVN Oder\MPVN NG - No use - Scrap Device\Ảnh NG\súng trắng.png | I65: - | J65: - | K65: - | L65: - | M65: - | N65: - | O65: - | P65: - | Q65: - | R65: - | S65: No Need | T65: - | U65: - | V65: . | W65: Scrap | X65: Chưa phân loại | Z65: - | AA65: Súng bắn vít nhỏ | AB65: - | AC65: 0 | AF65: 1 | AH65: =INDEX(Sheet3!X:X,MATCH(D65,Sheet3!A:A,0)) -> TS
A66: 65 | C66: NG | D66: PIE00158 | E66: Hỏng motor | F66: Motor failure | G66: Z:\FTP\PIE\MPVN Oder\MPVN NG - No use - Scrap Device\Ảnh NG\súng trắng.png | I66: - | J66: - | K66: - | L66: - | M66: - | N66: - | O66: - | P66: - | Q66: - | R66: - | S66: No Need | T66: - | U66: - | V66: . | W66: Scrap | X66: Chưa phân loại | Z66: - | AA66: Súng bắn vít nhỏ | AB66: - | AC66: 0 | AF66: 1 | AH66: =INDEX(Sheet3!X:X,MATCH(D66,Sheet3!A:A,0)) -> TS
A67: 66 | C67: NG | D67: PIE00159 | E67: Hỏng biến áp | F67: Transformer failure | G67: Z:\FTP\PIE\MPVN Oder\MPVN NG - No use - Scrap Device\Ảnh NG\máy hàn hako.jpg | I67: Soldering Station | J67: Máy hàn | K67: HAKO | L67: SLD 936 | M67: - | N67: - | O67: Common | P67: - | Q67: 50446 | R67: - | S67: No Need | T67: - | U67: - | V67: Không cần hiệu chuẩn | W67: NG | X67: JIG | Z67: 220V, 60W | AA67: - | AB67: - | AC67: 0 | AF67: 1 | AH67: =INDEX(Sheet3!X:X,MATCH(D67,Sheet3!A:A,0)) -> TS
A68: 67 | C68: NG | D68: PIE00160 | E68: Hỏng motor | F68: Motor failure | G68: Z:\FTP\PIE\MPVN Oder\MPVN NG - No use - Scrap Device\Ảnh NG\súng trắng.png | I68: Screw driver | J68: Súng bắn vít | K68: - | L68: POL-SD1 | M68: - | N68: - | O68: Common | P68: - | Q68: - | R68: - | S68: No Need | T68: - | U68: - | V68: Không cần hiệu chuẩn | W68: NG | X68: JIG | Z68: 24VDC, 0.6A | AA68: Súng Trắng | AB68: - | AC68: 0 | AF68: 1 | AH68: =INDEX(Sheet3!X:X,MATCH(D68,Sheet3!A:A,0)) -> TS
A69: 68 | C69: NG | D69: PIE00162 | E69: Hỏng motor, lò xo | F69: Motor and spring failure | G69: Z:\FTP\PIE\MPVN Oder\MPVN NG - No use - Scrap Device\Ảnh NG\súng trắng.png | I69: Screw driver | J69: Súng bắn vít | K69: Shuang Ai | L69: POL-SDGS-0115 | M69: - | N69: - | O69: Common | P69: - | Q69: 50651 | R69: - | S69: No Need | T69: - | U69: - | V69: Không cần hiệu chuẩn | W69: Scrap | X69: Line 3 | Z69: 24VDC, 0,1 ~ 1 Nm | AA69: Súng bắn vít nhỏ | AB69: - | AC69: 0 | AF69: 1 | AH69: =INDEX(Sheet3!X:X,MATCH(D69,Sheet3!A:A,0)) -> TS
A70: 69 | C70: Scrap | D70: PIE00164 | E70: Gỉ sét | F70: Oxidized | I70: - | J70: - | K70: - | L70: - | M70: - | N70: - | O70: - | P70: - | Q70: 50008 | R70: - | S70: No Need | T70: - | U70: - | V70: . | W70: Scrap | X70: Line 12 | Z70: - | AA70: - | AB70: - | AC70: 0 | AF70: 1 | AH70: =INDEX(Sheet3!X:X,MATCH(D70,Sheet3!A:A,0)) -> TS
A71: 70 | C71: Scrap | D71: PIE00165 | E71: Gỉ sét | F71: Oxidized | I71: - | J71: - | K71: - | L71: - | M71: - | N71: - | O71: - | P71: - | Q71: - | R71: - | S71: No Need | T71: - | U71: - | V71: . | W71: Scrap | X71: Chưa phân loại | Z71: - | AA71: - | AB71: - | AC71: 0 | AF71: 1 | AH71: =INDEX(Sheet3!X:X,MATCH(D71,Sheet3!A:A,0)) -> TS
A72: 71 | C72: NG | D72: PIE00179 | E72: Không lên nguồn, không test được sản phẩm | I72: Module Bluetooth | J72: Module Bluetooth | K72: - | L72: - | M72: - | N72: - | O72: Roland | P72: - | Q72: - | R72: - | S72: No Need | T72: - | U72: - | V72: Không cần hiệu chuẩn | W72: NG | X72: JIG | Z72: Bluetooth Audio MIDI Dual Adaptor | AA72: NG | AB72: - | AC72: 0 | AF72: 1 | AH72: =INDEX(Sheet3!X:X,MATCH(D72,Sheet3!A:A,0)) -> TS
A73: 72 | C73: No use | D73: PIE00232 | E73: Không sử dụng do không chạy sản phẩm | F73: Not in use due to no production | I73: Jig | J73: Jig kiểm tra chức năng | K73: - | L73: - | M73: - | N73: - | O73: Roland | P73: DCB-LX | Q73: - | R73: - | S73: No Need | T73: - | U73: - | V73: Không cần hiệu chuẩn | W73: No use | X73: JIG | Z73: Jig FCT DCB | AA73: - | AB73: - | AC73: 0 | AF73: 1 | AH73: =INDEX(Sheet3!X:X,MATCH(D73,Sheet3!A:A,0)) -> TS
A74: 73 | C74: No use | D74: PIE00543 | E74: Không sử dụng do không chạy sản phẩm | F74: Not in use due to no production | I74: Fixture | J74: Đồ gá | K74: - | L74: - | M74: - | N74: POWERF15 | O74: Hasbro | P74: HYPER SHOT | Q74: - | R74: - | S74: No Need | T74: - | U74: - | V74: Không cần hiệu chuẩn | W74: No use | X74: JIG | Z74: Fixture | AA74: No use ( cất tủ 28 ) | AB74: - | AC74: 0 | AF74: 1 | AH74: =INDEX(Sheet3!X:X,MATCH(D74,Sheet3!A:A,0)) -> TS
A75: 74 | C75: No use | D75: PIE00544 | E75: Không sử dụng do không chạy sản phẩm | F75: Not in use due to no production | I75: Fixture | J75: Đồ gá | K75: - | L75: - | M75: - | N75: POWERF15 | O75: Hasbro | P75: HYPER SHOT | Q75: - | R75: - | S75: No Need | T75: - | U75: - | V75: Không cần hiệu chuẩn | W75: No use | X75: JIG | Z75: Fixture | AA75: No use ( cất tủ 28 ) | AB75: - | AC75: 0 | AF75: 1 | AH75: =INDEX(Sheet3!X:X,MATCH(D75,Sheet3!A:A,0)) -> TS
A76: 75 | C76: No use | D76: PIE00574 | E76: Không sử dụng do không chạy sản phẩm | F76: Not in use due to no production | I76: Fixture | J76: Đồ gá | K76: - | L76: - | M76: - | N76: - | O76: Hasbro | P76: ULTIMATE CATCH PHRASE | Q76: - | R76: - | S76: No Need | T76: - | U76: - | V76: Không cần hiệu chuẩn | W76: No use | X76: JIG | Z76: Fixture | AA76: No use | AB76: - | AC76: 0 | AF76: 1 | AH76: =INDEX(Sheet3!X:X,MATCH(D76,Sheet3!A:A,0)) -> TS
A77: 76 | C77: No use | D77: PIE00575 | E77: Không sử dụng do không chạy sản phẩm | F77: Not in use due to no production | I77: Fixture | J77: Đồ gá | K77: - | L77: - | M77: - | N77: - | O77: Hasbro | P77: ULTIMATE CATCH PHRASE | Q77: - | R77: - | S77: No Need | T77: - | U77: - | V77: Không cần hiệu chuẩn | W77: No use | X77: JIG | Z77: Fixture | AA77: No use | AB77: - | AC77: 0 | AF77: 1 | AH77: =INDEX(Sheet3!X:X,MATCH(D77,Sheet3!A:A,0)) -> TS
A78: 77 | C78: No use | D78: PIE00579 | E78: Không sử dụng do không chạy sản phẩm | F78: Not in use due to no production | I78: Fixture | J78: Đồ gá | K78: - | L78: - | M78: - | N78: ULTF10A | O78: Hasbro | P78: ULTIMATE CATCH PHRASE | Q78: - | R78: - | S78: No Need | T78: - | U78: - | V78: Không cần hiệu chuẩn | W78: No use | X78: JIG | Z78: Fixture | AA78: No use | AB78: - | AC78: 0 | AF78: 1 | AH78: =INDEX(Sheet3!X:X,MATCH(D78,Sheet3!A:A,0)) -> TS
A79: 78 | C79: Scrap | D79: PIE00610 | E79: Không sử dụng do không chạy sản phẩm | F79: Not in use due to no production | I79: Fixture | J79: Đồ gá | K79: - | L79: - | M79: - | N79: E BATTLESHIP-F18 | O79: Hasbro | P79: E BATTLESHIP | Q79: - | R79: - | S79: No Need | T79: - | U79: - | V79: Không cần hiệu chuẩn | W79: Scrap | X79: JIG | Z79: Đồ gá hỗ trợ lắp ráp | AA79: - | AB79: - | AC79: 0 | AF79: 1 | AH79: =INDEX(Sheet3!X:X,MATCH(D79,Sheet3!A:A,0)) -> TS
A80: 79 | C80: NG | D80: PIE00689 | E80: Hỏng biến áp | F80: Transformer failure | G80: Z:\FTP\PIE\MPVN Oder\MPVN NG - No use - Scrap Device\Ảnh NG\máy hàn hako.jpg | I80: Soldering Station | J80: Máy hàn | K80: HAKO | L80: SLD 936 | M80: - | N80: - | O80: Common | P80: - | Q80: 50443 | R80: - | S80: No Need | T80: - | U80: - | V80: Không cần hiệu chuẩn | W80: NG | X80: Line 1 | Z80: Máy hàn | AA80: - | AB80: - | AC80: 0 | AF80: 1 | AH80: =INDEX(Sheet3!X:X,MATCH(D80,Sheet3!A:A,0)) -> TS
A81: 80 | C81: NG | D81: PIE00690 | E81: Hỏng biến áp | F81: Transformer failure | G81: Z:\FTP\PIE\MPVN Oder\MPVN NG - No use - Scrap Device\Ảnh NG\máy hàn hako.jpg | I81: Soldering Station | J81: Máy hàn | K81: HAKO | L81: SLD 936 | M81: - | N81: - | O81: Common | P81: - | Q81: 50380 | R81: - | S81: No Need | T81: - | U81: - | V81: Không cần hiệu chuẩn | W81: NG | X81: Line 12 | Z81: Máy hàn | AA81: - | AB81: - | AC81: 0 | AF81: 1 | AH81: =INDEX(Sheet3!X:X,MATCH(D81,Sheet3!A:A,0)) -> TS
A82: 81 | C82: NG | D82: PIE00691 | E82: cháy biến áp | F82: The transformer is burnt out | I82: Screwdriver Power Supply | J82: Hộp nguồn súng bắn vít | K82: - | L82: - | M82: - | N82: - | O82: Common | P82: - | Q82: - | R82: - | S82: No Need | T82: - | U82: - | V82: Không cần hiệu chuẩn | W82: NG | X82: Chưa phân loại | Z82: Hộp nguồn súng bắn vít (Trắng) | AA82: - | AB82: - | AC82: 0 | AF82: 1 | AH82: =INDEX(Sheet3!X:X,MATCH(D82,Sheet3!A:A,0)) -> TS
A83: 82 | C83: NG | D83: PIE00692 | E83: Hỏng motor, lò xo | F83: Motor and spring failure | G83: Z:\FTP\PIE\MPVN Oder\MPVN NG - No use - Scrap Device\Ảnh NG\súng trắng.png | I83: Screw driver | J83: Súng bắn vít | K83: Shuang Ai | L83: POL-SDGS-0115 | M83: - | N83: - | O83: Common | P83: - | Q83: - | R83: - | S83: No Need | T83: - | U83: - | V83: Không cần hiệu chuẩn | W83: NG | X83: JIG | Z83: 24VDC, 0,1 ~ 1 Nm | AA83: Súng bắn vít nhỏ | AB83: - | AC83: 0 | AF83: 1 | AH83: =INDEX(Sheet3!X:X,MATCH(D83,Sheet3!A:A,0)) -> TS
A84: 83 | C84: NG | D84: PIE00693 | E84: Hỏng motor | F84: Motor failure | G84: Z:\FTP\PIE\MPVN Oder\MPVN NG - No use - Scrap Device\Ảnh NG\súng trắng.png | I84: Screw driver | J84: Súng bắn vít | K84: - | L84: POL-SD1 | M84: - | N84: - | O84: Common | P84: - | Q84: 50125 | R84: - | S84: No Need | T84: - | U84: - | V84: Không cần hiệu chuẩn | W84: Scrap | X84: JIG | Z84: 24VDC, 0.6A | AA84: Súng Trắng | AB84: - | AC84: 0 | AF84: 1 | AH84: =INDEX(Sheet3!X:X,MATCH(D84,Sheet3!A:A,0)) -> TS
A85: 84 | C85: NG | D85: PIE00697 | E85: Hỏng motor | F85: Motor failure | G85: Z:\FTP\PIE\MPVN Oder\MPVN NG - No use - Scrap Device\Ảnh NG\súng trắng.png | I85: Screw driver | J85: Súng bắn vít | K85: - | L85: POL-SD2 | M85: - | N85: - | O85: Common | P85: - | Q85: 50983 | R85: - | S85: No Need | T85: - | U85: - | V85: Không cần hiệu chuẩn | W85: NG | X85: JIG | Z85: Súng bắn vít | AA85: Súng Trắng | AB85: - | AC85: 0 | AF85: 1 | AH85: =INDEX(Sheet3!X:X,MATCH(D85,Sheet3!A:A,0)) -> TS
A86: 85 | C86: NG | D86: PIE00698 | E86: Hỏng cảm biến lực,hỏng pin | F86: Force sensor and battery failure | I86: Digital torque meter | J86: Máy đo lực súng | K86: Waterun | L86: HP-50 | M86: - | N86: - | O86: Common | P86: - | Q86: 50889 | R86: - | S86: External | T86: 2025-07-20 | U86: 2026-07-20 | V86: Hết hạn hiệu chuẩn | W86: NG | X86: Line 4 | Y86: Hiệu chuẩn ngoài | Z86: Máy đo lực súng | AA86: - | AB86: - | AC86: 0 | AF86: 1 | AH86: =INDEX(Sheet3!X:X,MATCH(D86,Sheet3!A:A,0)) -> TS
A87: 86 | C87: No use | D87: PIE00750 | E87: Không sử dụng do không chạy sản phẩm | F87: Not in use due to no production | I87: Fixture | J87: Đồ gá | K87: - | L87: - | M87: - | N87: - | O87: Hasbro | P87: ULTIMATE CATCH PHRASE | Q87: - | R87: - | S87: No Need | T87: - | U87: - | V87: Không cần hiệu chuẩn | W87: No use | X87: JIG | Z87: Đồ gá dập chân pin | AA87: No use | AB87: - | AC87: 0 | AF87: 1 | AH87: =INDEX(Sheet3!X:X,MATCH(D87,Sheet3!A:A,0)) -> TS
A88: 87 | C88: No use | D88: PIE00780 | E88: Không sử dụng do không chạy sản phẩm | F88: Not in use due to no production | I88: Fixture | J88: Đồ gá | K88: - | L88: - | M88: - | N88: - | O88: Logtag | P88: - | Q88: - | R88: - | S88: No Need | T88: - | U88: - | V88: Không cần hiệu chuẩn | W88: No use | X88: JIG | Z88: Fixture dập tay | AA88: - | AB88: - | AC88: 0 | AF88: 1 | AH88: =INDEX(Sheet3!X:X,MATCH(D88,Sheet3!A:A,0)) -> TS
A89: 88 | C89: Scrap | D89: PIE00804 | E89: Hỏng motor | F89: Motor failure | I89: - | J89: - | K89: - | L89: - | M89: - | N89: - | O89: - | P89: - | Q89: - | R89: - | S89: No Need | T89: - | U89: - | V89: . | W89: Scrap | X89: Chưa phân loại | Z89: - | AA89: Súng bắn vít nhỏ | AB89: - | AC89: 0 | AF89: 1 | AH89: =INDEX(Sheet3!X:X,MATCH(D89,Sheet3!A:A,0)) -> TS
A90: 89 | C90: NG | D90: PIE00805 | E90: Hỏng motor | F90: Motor failure | I90: Screw driver | J90: Súng bắn vít | K90: - | L90: POL-SD1 | M90: - | N90: - | O90: Common | P90: - | Q90: - | R90: - | S90: No Need | T90: - | U90: - | V90: Không cần hiệu chuẩn | W90: NG | X90: JIG | Z90: 24VDC, 0.6A | AA90: Súng Trắng | AB90: - | AC90: 0 | AF90: 1 | AH90: =INDEX(Sheet3!X:X,MATCH(D90,Sheet3!A:A,0)) -> TS
A91: 90 | C91: NG | D91: PIE00806 | E91: Hỏng motor | F91: Motor failure | I91: Screw driver | J91: Súng bắn vít | K91: - | L91: POL-SD1 | M91: - | N91: - | O91: Common | P91: - | Q91: 50126 | R91: - | S91: No Need | T91: - | U91: - | V91: Không cần hiệu chuẩn | W91: Scrap | X91: JIG | Z91: 24VDC, 0.6A | AA91: Súng Trắng | AB91: - | AC91: 0 | AF91: 1 | AH91: =INDEX(Sheet3!X:X,MATCH(D91,Sheet3!A:A,0)) -> TS
A92: 91 | C92: NG | D92: PIE00807 | E92: Hỏng motor | F92: Motor failure | I92: Screw driver | J92: Súng bắn vít | K92: - | L92: POL-SD1 | M92: - | N92: - | O92: Common | P92: - | Q92: - | R92: - | S92: No Need | T92: - | U92: - | V92: Không cần hiệu chuẩn | W92: NG | X92: Chưa phân loại | Z92: 24VDC, 0.6A | AA92: Súng Trắng | AB92: - | AC92: 0 | AF92: 1 | AH92: =INDEX(Sheet3!X:X,MATCH(D92,Sheet3!A:A,0)) -> TS
A93: 92 | C93: NG | D93: PIE00816 | E93: Hỏng biến áp | F93: Transformer failure | G93: Z:\FTP\PIE\MPVN Oder\MPVN NG - No use - Scrap Device\Ảnh NG\máy hàn hako.jpg | I93: Soldering Station | J93: Máy hàn | K93: HAKO | L93: SLD 936 | M93: - | N93: - | O93: Common | P93: - | Q93: 50482 | R93: - | S93: No Need | T93: - | U93: - | V93: Không cần hiệu chuẩn | W93: NG | X93: Line 1 | Z93: Máy hàn | AA93: - | AB93: - | AC93: 0 | AF93: 1 | AH93: =INDEX(Sheet3!X:X,MATCH(D93,Sheet3!A:A,0)) -> TS
A94: 93 | C94: NG | D94: PIE00832 | E94: Không lên nguồn | F94: No power | G94: Z:\FTP\PIE\MPVN Oder\MPVN NG - No use - Scrap Device\Ảnh NG\máy hàn hako.jpg | I94: Soldering Station | J94: Máy hàn | K94: HAKO | L94: SLD 936 | M94: - | N94: - | O94: Common | P94: - | Q94: 50447 | R94: - | S94: No Need | T94: - | U94: - | V94: Không cần hiệu chuẩn | W94: NG | X94: JIG | Z94: Máy hàn | AA94: - | AB94: - | AC94: 0 | AF94: 1 | AH94: =INDEX(Sheet3!X:X,MATCH(D94,Sheet3!A:A,0)) -> TS
A95: 94 | C95: NG | D95: PIE00836 | E95: Hỏng motor | F95: Motor failure | I95: Screw driver | J95: Súng bắn vít | K95: - | L95: POL-SD1 | M95: - | N95: - | O95: Common | P95: - | Q95: - | R95: - | S95: No Need | T95: - | U95: - | V95: Không cần hiệu chuẩn | W95: Scrap | X95: JIG | Z95: 24VDC, 0.6A | AA95: Súng Trắng | AB95: - | AC95: 0 | AF95: 1 | AH95: =INDEX(Sheet3!X:X,MATCH(D95,Sheet3!A:A,0)) -> TS
A96: 95 | C96: NG | D96: PIE00837 | E96: Hỏng motor | F96: Motor failure | I96: Screw driver | J96: Súng bắn vít | K96: - | L96: POL-SD1 | M96: - | N96: - | O96: Common | P96: - | Q96: 50978 | R96: - | S96: No Need | T96: - | U96: - | V96: Không cần hiệu chuẩn | W96: Scrap | X96: JIG | Z96: 24VDC, 0.6A | AA96: Súng Trắng | AB96: - | AC96: 0 | AF96: 1 | AH96: =INDEX(Sheet3!X:X,MATCH(D96,Sheet3!A:A,0)) -> TS
A97: 96 | C97: NG | D97: PIE00838 | E97: Hỏng motor | F97: Motor failure | I97: Screw driver | J97: Súng bắn vít | K97: - | L97: POL-SD1 | M97: - | N97: - | O97: Common | P97: - | Q97: - | R97: - | S97: No Need | T97: - | U97: - | V97: Không cần hiệu chuẩn | W97: NG | X97: Chưa phân loại | Z97: 24VDC, 0.6A | AA97: Súng Trắng | AB97: - | AC97: 0 | AF97: 1 | AH97: =INDEX(Sheet3!X:X,MATCH(D97,Sheet3!A:A,0)) -> TS
A98: 97 | C98: NG | D98: PIE00840 | E98: Hỏng motor, lò xo | F98: Motor and spring failure | G98: Z:\FTP\PIE\MPVN Oder\MPVN NG - No use - Scrap Device\Ảnh NG\súng trắng.png | I98: Screw driver | J98: Súng bắn vít | K98: Shuang Ai | L98: POL-SDGS-0115 | M98: - | N98: - | O98: Common | P98: - | Q98: - | R98: - | S98: No Need | T98: - | U98: - | V98: Không cần hiệu chuẩn | W98: NG | X98: JIG | Z98: 24VDC, 0,1 ~ 1 Nm | AA98: Súng bắn vít nhỏ | AB98: - | AC98: 0 | AF98: 1 | AH98: =INDEX(Sheet3!X:X,MATCH(D98,Sheet3!A:A,0)) -> TS
A99: 98 | C99: NG | D99: PIE00841 | E99: Hỏng motor, lò xo | F99: Motor and spring failure | G99: Z:\FTP\PIE\MPVN Oder\MPVN NG - No use - Scrap Device\Ảnh NG\súng trắng.png | I99: Screw driver | J99: Súng bắn vít | K99: Shuang Ai | L99: POL-SDGS-0115 | M99: - | N99: - | O99: Common | P99: - | Q99: - | R99: - | S99: No Need | T99: - | U99: - | V99: Không cần hiệu chuẩn | W99: Scrap | X99: Chưa phân loại | Z99: 24VDC, 0,1 ~ 1 Nm | AA99: Súng bắn vít nhỏ | AB99: - | AC99: 0 | AF99: 1 | AH99: =INDEX(Sheet3!X:X,MATCH(D99,Sheet3!A:A,0)) -> TS
A100: 99 | C100: Scrap | D100: PIE00856 | E100: Vỡ cánh quạt | F100: Broken fan blade | G100: Z:\FTP\PIE\MPVN Oder\MPVN NG - No use - Scrap Device\Ảnh NG\máy khò cầm tay.jpg | I100: Hot air Gun | J100: Máy khò cầm tay | K100: - | L100: A-2000T | M100: - | N100: - | O100: Common | P100: - | Q100: - | R100: - | S100: No Need | T100: - | U100: - | V100: Không cần hiệu chuẩn | W100: Scrap | X100: JIG | Z100: 50Hz-2000W | AA100: - | AB100: - | AC100: 0 | AF100: 1 | AH100: =INDEX(Sheet3!X:X,MATCH(D100,Sheet3!A:A,0)) -> TS
...

Sheet Sheet3
A1: Code | B1: Equipments name (Eng) | C1: Equipments name (Vie) | D1: Manufacturer | E1: Model of euqipment | F1: Equipment Serials | G1: TS serials | H1: Use for customer | I1: Use for model | J1: Description | K1: Calibration (Internal/Extenal) | L1: Calibration date | M1: Out of calibration date | N1: Status | O1: Link report | P1: Maintenance | Q1: Next date maintenance | R1: Actual | S1: Maintenance Status | T1: Q'ty | U1: Status | V1: Euipment No. | W1: FA No. | X1: Vendor name | Y1: Received date | Z1: Price (VND) | AA1: PR No./ Order date | AB1: Classify | AC1: Code PIE | AD1: Group name | AE1: Qty of item group | AF1: Picture | AG1: Column_33 | AH1: Remain days for next calibration | AI1: Current departments use | AJ1: Record giao nhận | AK1: History maintenance | AL1: Dữ liệu trước khi hủy mã | AM1: Year | AN1: Remark3 | AO1: Remark 4 | AP1: Column_42 | AQ1: Column_43 | AR1: Column_44 | AS1: STT | AT1: Column_46 | AU1: Trang_thai | AV1: T.gian giao | AW1: T.gian nhan | AX1: ID Người mượn | AY1: Tên người mượn | AZ1: Vị trí sử dụng | BA1: Chú thích | BB1: Vị trí ở phòng Jig | BC1: Công đoạn sử dụng | BD1: Last time | BE1: Tinh_trang | BF1: Link hinh anh | BG1: Ý kiến đóng góp | BH1: Xac_nhan | BI1: Báo cáo hiệu chuẩn | BJ1: Báo cáo bảo dưỡng | BK1: Trạng thái cấp phát | BL1: Số lượng theo thiết bị | BM1: LSGNTB_BEFORE | BN1: LSGNTB_INFOR | BO1: LSGNTB_HISTORY | BP1: LSCNHC_BEFORE | BQ1: LSCNHC_INFOR | BR1: LSCNHC_HISTORY | BS1: Trạng thái kiểm kê 1 | BT1: Ngày kiểm kê gần nhất | BU1: Trạng thái kiểm kê 2
A2: PIE00001 | N2: . | P2: No need | S2: - | T2: 1 | U2: Normal | X2: HTV | Y2: 45233 | Z2: VND 570,000 | AB2: EQ | AC2: PIE00001 | AE2: 24 | AF2: \\vnad\common\PIE\PIE STAFF 04 (Mr. Hoang)\2. Files, documents\File thiết bị\Hình ảnh\PIE00001.jpg | AG2: PIE00001 | AH2: .Hủy / Phế | AK2: PIE00001PIE00001Screw driverSúng bắn vítShuang AiPOL-SDGS-0115Common24VDC, 0,1 ~ 1 Nm | AL2: PIE00001Screw driverSúng bắn vítShuang AiPOL-SDGS-0115Common24VDC, 0,1 ~ 1 Nm | AM2: 23 | AO2: - | AP2: Đã kiểm kê 28/08/2026 | AS2: 1 | AU2: Chưa trả | AV2: 46262.649 | AW2: 46256.666 | AX2: 1526 | AY2: Nguyễn Thành Nam - PIE | AZ2: Line 14 | BA2: Súng bắn vít nhỏ | BD2: 46276.582 | BE2: Hủy / Phế | BF2: Jig_Equipment picture/PIE00001.jpg | BH2: Đúng | BK2: Tạm thời | BL2: 0 | BM2: Chưa trả***29/09/2025 21:50:49: 217_Phùng Huy Hoàng - PIE_Line 1 | BN2: Chưa trả***28/08/2026 15:35:07: 1526_Nguyễn Thành Nam - PIE_Line 14 | BO2: 07/2026 18:22:32;Chưa trả***16/07/2026 18:23:25: -__JIG_;Chưa trả***16/07/2026 18:23:25: 511_Trần Văn Thưởng - FA_REPAIR_;Đã nhận***18/07/2026 09:02:01;Đã nhận***18/07/2026 09:03:27;Chưa trả***18/07/2026 09:04:00: 511_Trần Văn Thưởng - FA_REPAIR_;Chưa trả***18/07/2026 09:06:37: 511_Trần Văn Thưởng - FA_REPAIR_;Đã nhận***18/07/2026 09:07:51;Đã nhận***18/07/2026 09:12:17;Đã nhận***18/07/2026 09:13:48;Chưa trả***18/07/2026 09:30:31: 511_Trần Văn Thưởng - FA_REPAIR_;Đã nhận***18/07/2026 09:44:42;Đã nhận***18/07/2026 09:59:12;Đã nhận***18/07/2026 10:18:12;Chưa trả***18/07/2026 10:51:26: 217_Phùng Huy Hoàng - PIE_Line 1_;Đã nhận***18/07/2026 10:51:31;Chưa trả***18/07/2026 10:51:33: -__JIG_;Chưa trả***18/07/2026 10:51:33: -__JIG_;Đã nhận***18/07/2026 11:09:05;Chưa trả***18/07/2026 11:15:53: -__JIG;Chưa trả***18/07/2026 11:15:53: 511_Trần Văn Thưởng - FA_REPAIR;Đã nhận***18/07/2026 11:18:01;Chưa trả***18/07/2026 11:19:02: 511_Trần Văn Thưởng - FA_REPAIR;Chưa trả***18/07/2026 11:19:02: 511_Trần Văn Thưởng - FA_REPAIR_.-zvdfjh;Đã nhận***18/07/2026 11:34:38_;Chưa trả***18/07/2026 11:34:53: l;'__Line 14;Đã nhận***18/07/2026 11:35:04;Đã nhận***18/07/2026 11:35:04_r;Đã nhận***18/07/2026 11:35:04_rgf;Đã nhận***18/07/2026 11:36:36_;Chưa trả***18/07/2026 11:36:37: -__JIG;Chưa trả***18/07/2026 11:36:37: 511_Trần Văn Thưởng - FA_REPAIR;Chưa trả***18/07/2026 11:39:01: 511_Trần Văn Thưởng - FA_REPAIR;Đã nhận***22/08/2026 15:58:42;Chưa trả***28/08/2026 15:35:07: 1526_Nguyễn Thành Nam - PIE_Line 14 | BQ2: 11/12/2025 13:43:24 : No Need - _ _ | BR2: 1:37: 511_Trần Văn Thưởng - FA_REPAIR;Chưa trả***16/07/2026 18:08:37: 511_Trần Văn Thưởng - FA_REPAIR;Đã nhận***16/07/2026 18:09:27;Chưa trả***16/07/2026 18:09:47: -__JIG;Chưa trả***16/07/2026 18:09:47: 511_Trần Văn Thưởng - FA_REPAIR;Chưa trả***16/07/2026 18:09:47: 511_Trần Văn Thưởng - FA_REPAIRCố định;Đã nhận***16/07/2026 18:18:37;Chưa trả***16/07/2026 18:19:28: -__JIG_Ghi chú:;Chưa trả***16/07/2026 18:19:28: 511_Trần Văn Thưởng - FA_REPAIR_Ghi chú:;Đã nhận***16/07/2026 18:22:32;Chưa trả***16/07/2026 18:23:25: -__JIG_;Chưa trả***16/07/2026 18:23:25: 511_Trần Văn Thưởng - FA_REPAIR_;Đã nhận***18/07/2026 09:02:01;Đã nhận***18/07/2026 09:03:27;Chưa trả***18/07/2026 09:04:00: 511_Trần Văn Thưởng - FA_REPAIR_;Chưa trả***18/07/2026 09:06:37: 511_Trần Văn Thưởng - FA_REPAIR_;Đã nhận***18/07/2026 09:07:51;Đã nhận***18/07/2026 09:12:17;Đã nhận***18/07/2026 09:13:48;Chưa trả***18/07/2026 09:30:31: 511_Trần Văn Thưởng - FA_REPAIR_;Đã nhận***18/07/2026 09:44:42;Đã nhận***18/07/2026 09:59:12;Đã nhận***18/07/2026 10:18:12;Chưa trả***18/07/2026 10:51:26: 217_Phùng Huy Hoàng - PIE_Line 1_;Đã nhận***18/07/2026 10:51:31;Chưa trả***18/07/2026 10:51:33: -__JIG_;Chưa trả***18/07/2026 10:51:33: -__JIG_;Đã nhận***18/07/2026 11:09:05;Chưa trả***18/07/2026 11:15:53: -__JIG;Chưa trả***18/07/2026 11:15:53: 511_Trần Văn Thưởng - FA_REPAIR;Đã nhận***18/07/2026 11:18:01;Chưa trả***18/07/2026 11:19:02: 511_Trần Văn Thưởng - FA_REPAIR;Chưa trả***18/07/2026 11:19:02: 511_Trần Văn Thưởng - FA_REPAIR_.-zvdf | BS2: Đã kiểm kê | BT2: 46262 | BU2: Hủy / Phế
A3: PIE00002 | B3: Screw driver | C3: Súng bắn vít | D3: Shuang Ai | E3: POL-SDGS-0115 | H3: Common | J3: 24VDC, 0,1 ~ 1 Nm | K3: No Need | N3: - | P3: No need | S3: - | T3: 1 | U3: Normal | X3: HTV | Y3: 45233 | Z3: VND 570,000 | AB3: EQ | AC3: PIE00002 | AF3: \\vnad\common\PIE\PIE STAFF 04 (Mr. Hoang)\2. Files, documents\File thiết bị\Hình ảnh\PIE00002.jpg | AG3: PIE00002 | AK3: PIE00002Screw driverSúng bắn vítShuang AiPOL-SDGS-0115Common24VDC, 0,1 ~ 1 Nm | AM3: 23 | AO3: Screw driver | AP3: Đã kiểm kê 14/07/2026 | AS3: 2 | AU3: Chưa trả | AV3: 46217.8 | AW3: 46003.365 | AX3: 676 | AY3: Hoàng Văn Mạnh - FA | AZ3: REPAIR | BA3: Súng bắn vít nhỏ | BD3: 46217.8 | BE3: Hủy / Phế | BF3: Jig_Equipment picture/PIE00002.jpg | BH3: Đúng | BK3: Cố định | BL3: 273 | BM3: 45929.36730324074 | BN3: Chưa trả***14/07/2026 19:11:56: 676_Hoàng Văn Mạnh - FA_REPAIR | BO3: Đã nhận***29/09/2025 08:48:55: 1414_Lê Hồng Quang - FA_LINE123;Đã nhận***29/09/2025 08:50:07: 1414_Lê Hồng Quang - FA_LINE123;Đã nhận***07/11/2025 11:09:15;Chưa trả***12/11/2025 13:38:29: -__JIG;Đã nhận***12/11/2025 13:45:18;Đã nhận***12/11/2025 14:12:10;Đã nhận***12/11/2025 14:29:30;Chưa trả***12/11/2025 14:49:57: -__JIG;Đã nhận***12/11/2025 15:38:24;Đã nhận***13/11/2025 10:48:50;Đã nhận***13/11/2025 11:19:36;Đã nhận***13/11/2025 11:32:01;Đã nhận***13/11/2025 11:32:05;Chưa trả***13/11/2025 15:03:00: 217_Phùng Huy Hoàng - PIE_WH;Chưa trả***13/11/2025 15:31:14: 217_Phùng Huy Hoàng - PIE_PIE;Chưa trả***14/11/2025 15:28:39: 217_Phùng Huy Hoàng - PIE_Line 13;Chưa trả***14/11/2025 15:28:40: 1414_Lê Hồng Quang - FA_Line 8;Chưa trả***14/11/2025 15:28:40: 1414_Lê Hồng Quang - FA_MI;Chưa trả***09/07/2026 08:23:43: 1276_Nguyễn Hải Văn - PIE_PIE;Chưa trả***14/07/2026 19:11:56: 1276_Nguyễn Hải Văn - PIE_PIE;Chưa trả***14/07/2026 19:11:56: 676_Hoàng Văn Mạnh - FA_REPAIR | BQ3: 11/12/2025 13:29:12 : No Need - _ _ | BS3: Đã kiểm kê | BT3: 46217 | BU3: Hủy / Phế
A4: PIE00003 | B4: Screw driver | C4: Súng bắn vít | D4: Shuang Ai | E4: POL-SDGS-0115 | H4: Common | J4: 24VDC, 0,1 ~ 1 Nm | K4: No Need | N4: - | P4: No need | S4: - | T4: 1 | U4: Normal | V4: 50662 | X4: TS | AB4: EQ | AC4: PIE00003 | AF4: \\vnad\common\PIE\PIE STAFF 04 (Mr. Hoang)\2. Files, documents\File thiết bị\Hình ảnh\PIE00003.jpg | AG4: PIE00003 | AK4: PIE00003Screw driverSúng bắn vítShuang AiPOL-SDGS-0115Common24VDC, 0,1 ~ 1 Nm | AM4: 23 | AO4: Screw driver | AP4: Đã kiểm kê 22/08/2026 | AS4: 3 | AU4: Đã nhận | AV4: 46241.45 | AW4: 46256.666 | AX4: - | AZ4: JIG | BA4: Súng bắn vít nhỏ | BD4: 46256.667 | BE4: Hủy / Phế | BF4: Jig_Equipment picture/PIE00003.jpg | BH4: . | BL4: 273 | BM4: 45929.37625 | BN4: Đã nhận***22/08/2026 15:58:41 | BO4: Đã nhận***29/09/2025 08:56:39: 1414_Lê Hồng Quang - FA_LINE123;Đã nhận***29/09/2025 08:56:43: 1414_Lê Hồng Quang - FA_LINE123;Đã nhận***29/09/2025 09:01:43: 1414_Lê Hồng Quang - FA_LINE123;Đã nhận***29/09/2025 09:01:48: 1414_Lê Hồng Quang - FA_LINE123;Đã nhận***29/09/2025 09:01:50: 1414_Lê Hồng Quang - FA_LINE123;Chưa trả***07/11/2025 11:19:54: -__-;Chưa trả***12/11/2025 13:38:33: -__JIG;Đã nhận***12/11/2025 14:12:11;Đã nhận***12/11/2025 15:38:25;Đã nhận***13/11/2025 10:48:51;Đã nhận***13/11/2025 11:32:02;Chưa trả***13/11/2025 15:03:00: 217_Phùng Huy Hoàng - PIE_WH;Chưa trả***13/11/2025 15:31:14: 217_Phùng Huy Hoàng - PIE_PIE;Chưa trả***14/11/2025 15:28:39: 217_Phùng Huy Hoàng - PIE_Line 13;Chưa trả***14/11/2025 15:28:40: 1414_Lê Hồng Quang - FA_Line 8;Chưa trả***14/11/2025 15:28:40: 1414_Lê Hồng Quang - FA_MI;Đã nhận***15/12/2025 15:58:36;Đã nhận***26/12/2025 15:15:20;Đã nhận***18/03/2026 08:48:57;Chưa trả***14/07/2026 15:21:35: 1526_Nguyễn Thành Nam - PIE_Line 5;Chưa trả***07/08/2026 10:41:00: 1526_Nguyễn Thành Nam - PIE_Line 12;Chưa trả***07/08/2026 10:47:51: 1526_Nguyễn Thành Nam - PIE_Line 12;Đã nhận***22/08/2026 15:58:41 | BQ4: 11/12/2025 13:42:37 : No Need - _ _ | BS4: Đã kiểm kê | BT4: 46256 | BU4: Hủy / Phế
A5: PIE00004 | B5: Screw driver | C5: Súng bắn vít | D5: Shuang Ai | E5: POL-SDGS-0115 | H5: Common | J5: 24VDC, 0,1 ~ 1 Nm | K5: No Need | N5: - | P5: No need | S5: - | T5: 1 | U5: Normal | X5: HTV | Y5: 45233 | Z5: VND 570,000 | AB5: EQ | AC5: PIE00004 | AF5: \\vnad\common\PIE\PIE STAFF 04 (Mr. Hoang)\2. Files, documents\File thiết bị\Hình ảnh\PIE00004.jpg | AG5: PIE00004 | AK5: PIE00004Screw driverSúng bắn vítShuang AiPOL-SDGS-0115Common24VDC, 0,1 ~ 1 Nm | AM5: 23 | AO5: Screw driver | AP5: Đã kiểm kê 26/12/2025 | AS5: 4 | AU5: Đã nhận | AV5: 45975.645 | AW5: 46017.636 | AX5: - | AZ5: JIG | BA5: Súng bắn vít nhỏ | BD5: 46017.637 | BE5: NG | BF5: Jig_Equipment picture/PIE00004.jpg | BH5: Đúng | BL5: 273 | BM5: 45929.37774305556 | BN5: Đã nhận***26/12/2025 15:15:20 | BO5: Đã nhận***29/09/2025 09:03:57: 1414_Lê Hồng Quang - FA_LL;Đã nhận***29/09/2025 09:03:59: 1414_Lê Hồng Quang - FA_LL;Chưa trả***12/11/2025 13:38:29: -__JIG;Đã nhận***12/11/2025 14:12:11;Đã nhận***12/11/2025 15:38:32;Đã nhận***13/11/2025 10:48:51;Đã nhận***13/11/2025 11:19:36;Đã nhận***13/11/2025 11:32:02;Chưa trả***13/11/2025 13:27:49: 217_Phùng Huy Hoàng - PIE_Line 3;Chưa trả***13/11/2025 15:03:01: 217_Phùng Huy Hoàng - PIE_WH;Chưa trả***13/11/2025 15:31:15: 217_Phùng Huy Hoàng - PIE_PIE;Chưa trả***14/11/2025 15:28:39: 217_Phùng Huy Hoàng - PIE_Line 13;Chưa trả***14/11/2025 15:28:48: 1414_Lê Hồng Quang - FA_Line 8;Đã nhận***26/12/2025 15:15:20 | BQ5: 11/12/2025 13:29:12 : No Need - _ _ | BS5: Đã kiểm kê | BT5: 46017 | BU5: NG
A6: PIE00005 | B6: Screw driver | C6: Súng bắn vít | D6: Shuang Ai | E6: POL-SDGS-0530 | H6: Common | J6: 24VDC, 0,8 ~ 1,6 Nm | K6: No Need | N6: - | P6: No need | S6: - | T6: 1 | U6: Normal | X6: HTV | Y6: 45233 | Z6: VND 580,000 | AB6: EQ | AC6: PIE00005 | AF6: \\vnad\common\PIE\PIE STAFF 04 (Mr. Hoang)\2. Files, documents\File thiết bị\Hình ảnh\PIE00005.jpg | AG6: PIE00005 | AK6: PIE00005Screw driverSúng bắn vítShuang AiPOL-SDGS-0530Common24VDC, 0,8 ~ 1,6 Nm | AM6: 23 | AO6: Screw driver | AP6: Đã kiểm kê 02/06/2026 | AS6: 5 | AU6: Đã nhận | AV6: 45975.645 | AW6: 46175.582 | AX6: - | AZ6: JIG | BD6: 46185.432 | BE6: NG | BF6: Jig_Equipment picture/PIE00005.jpg | BH6: Đúng | BL6: 273 | BM6: 45929.384421296294 | BN6: Đã nhận***02/06/2026 13:58:21 | BO6: Đã nhận***29/09/2025 09:06:56: __;Đã nhận***29/09/2025 09:06:58: __;Đã nhận***29/09/2025 09:12:57: __;Đã nhận***29/09/2025 09:13:00: __;Đã nhận***29/09/2025 09:13:04: __;Đã nhận***29/09/2025 09:13:06: __;Đã nhận***29/09/2025 09:13:07: __;Đã nhận***29/09/2025 09:13:10: __;Đã nhận***29/09/2025 09:13:12: __;Đã nhận***29/09/2025 09:13:15: __;Đã nhận***29/09/2025 09:13:19: __;Đã nhận***29/09/2025 09:13:22: __;Đã nhận***29/09/2025 09:13:25: __;Đã nhận***29/09/2025 09:13:27: __;Đã nhận***29/09/2025 09:13:31: __;Đã nhận***29/09/2025 09:13:34: __;Đã nhận***29/09/2025 09:13:37: __;Chưa trả***12/11/2025 13:38:27: -__JIG;Đã nhận***12/11/2025 14:12:13;Đã nhận***12/11/2025 14:50:03;Đã nhận***13/11/2025 10:48:52;Đã nhận***13/11/2025 11:19:37;Đã nhận***13/11/2025 11:32:03;Chưa trả***13/11/2025 15:03:01: 217_Phùng Huy Hoàng - PIE_WH;Chưa trả***13/11/2025 15:31:15: 217_Phùng Huy Hoàng - PIE_PIE;Chưa trả***14/11/2025 15:28:39: 217_Phùng Huy Hoàng - PIE_Line 13;Đã nhận***15/12/2025 14:09:36;Đã nhận***15/12/2025 14:09:37;Đã nhận***13/02/2026 08:39:58;Đã nhận***18/03/2026 08:48:57;Đã nhận***02/06/2026 13:58:21 | BQ6: 11/12/2025 13:29:12 : No Need - _ _ | BS6: Đã kiểm kê | BT6: 46175 | BU6: NG
A7: PIE00006 | B7: Screw driver | C7: Súng bắn vít | D7: Shuang Ai | E7: POL-SDGS-0530 | H7: Common | J7: 24VDC, 0,8 ~ 1,6 Nm | K7: No Need | N7: - | P7: No need | S7: - | T7: 1 | U7: Normal | X7: HTV | Y7: 45233 | Z7: VND 580,000 | AB7: EQ | AC7: PIE00006 | AF7: \\vnad\common\PIE\PIE STAFF 04 (Mr. Hoang)\2. Files, documents\File thiết bị\Hình ảnh\PIE00006.jpg | AG7: PIE00006 | AK7: PIE00006Screw driverSúng bắn vítShuang AiPOL-SDGS-0530Common24VDC, 0,8 ~ 1,6 Nm | AM7: 23 | AO7: Screw driver | AP7: Đã kiểm kê 17/06/2026 | AS7: 6 | AU7: Chưa trả | AV7: 46190.584 | AW7: 45974.472 | AX7: 884 | AY7: Nguyễn Tuấn Anh - PIE | AZ7: Line 9 | BA7: Súng xanh | BD7: 46190.584 | BE7: Hủy / Phế | BF7: Jig_Equipment picture/PIE00006.jpg | BH7: Đúng | BL7: 273 | BN7: Chưa trả***17/06/2026 14:00:41: 884_Nguyễn Tuấn Anh - PIE_Line 9 | BO7: ;Đã nhận***13/11/2025 11:19:35;Chưa trả***17/06/2026 14:00:41: 884_Nguyễn Tuấn Anh - PIE_Line 9 | BS7: Đã kiểm kê | BT7: 46190 | BU7: Hủy / Phế
A8: PIE00007 | B8: Screw driver | C8: Súng bắn vít | D8: Shuang Ai | E8: POL-SDGS-0530 | H8: Common | J8: 24VDC, 0,8 ~ 1,6 Nm | K8: No Need | N8: - | P8: No need | S8: - | T8: 1 | U8: Normal | X8: HTV | Y8: 45233 | Z8: VND 580,000 | AB8: EQ | AC8: PIE00007 | AF8: \\vnad\common\PIE\PIE STAFF 04 (Mr. Hoang)\2. Files, documents\File thiết bị\Hình ảnh\PIE00007.jpg | AG8: PIE00007 | AK8: PIE00007Screw driverSúng bắn vítShuang AiPOL-SDGS-0530Common24VDC, 0,8 ~ 1,6 Nm | AM8: 23 | AO8: Screw driver | AP8: Đã kiểm kê 28/08/2026 | AS8: 7 | AU8: Chưa trả | AV8: 46262.649 | AW8: 46017.66 | AX8: 1526 | AY8: Nguyễn Thành Nam - PIE | AZ8: Line 14 | BA8: Súng xanh | BD8: 46262.652 | BE8: NG | BF8: Jig_Equipment picture/PIE00007.jpg | BH8: Đúng | BL8: 273 | BN8: Chưa trả***28/08/2026 15:35:07: 1526_Nguyễn Thành Nam - PIE_Line 14 | BO8: ;Đã nhận***26/12/2025 15:15:19;Đã nhận***26/12/2025 15:50:49;Chưa trả***28/08/2026 15:35:07: 1526_Nguyễn Thành Nam - PIE_Line 14 | BS8: Đã kiểm kê | BT8: 46262 | BU8: NG
A9: PIE00008 | B9: Screw driver | C9: Súng bắn vít | D9: Shuang Ai | E9: POL-SDGS-0115 | H9: Common | J9: 24VDC, 0,1 ~ 1 Nm | K9: No Need | N9: - | P9: No need | S9: - | T9: 1 | U9: Normal | V9: 50661 | X9: HTV | AB9: EQ | AC9: PIE00008 | AF9: \\vnad\common\PIE\PIE STAFF 04 (Mr. Hoang)\2. Files, documents\File thiết bị\Hình ảnh\PIE00008.jpg | AG9: PIE00008 | AK9: PIE00008Screw driverSúng bắn vítShuang AiPOL-SDGS-0115Common24VDC, 0,1 ~ 1 Nm | AM9: 23 | AO9: Screw driver | AP9: Đã kiểm kê 12/12/2025 | AS9: 8 | AU9: Đã nhận | AV9: 45838.4 | AW9: 46003.381 | AX9: - | AZ9: JIG | BA9: Súng bắn vít nhỏ | BD9: 46003.381 | BE9: Hủy / Phế | BF9: Jig_Equipment picture/PIE00008.jpg | BH9: Đúng | BL9: 273 | BN9: Đã nhận***12/12/2025 09:08:36 | BO9: ;Đã nhận***12/12/2025 09:08:36 | BS9: Đã kiểm kê | BT9: 46003 | BU9: Hủy / Phế
A10: PIE00009 | N10: . | P10: No need | S10: - | T10: 1 | U10: Normal | X10: HTV | Y10: 45233 | Z10: VND 580,000 | AB10: EQ | AC10: PIE00009 | AF10: \\vnad\common\PIE\PIE STAFF 04 (Mr. Hoang)\2. Files, documents\File thiết bị\Hình ảnh\PIE00009.jpg | AG10: PIE00009 | AH10: .Hủy / Phế | AK10: PIE00009PIE00009Screw driverSúng bắn vítShuang AiPOL-SDGS-0530Common24VDC, 0,8 ~ 1,6 Nm | AL10: PIE00009Screw driverSúng bắn vítShuang AiPOL-SDGS-0530Common24VDC, 0,8 ~ 1,6 Nm | AM10: 23 | AO10: - | AP10: Đã kiểm kê 26/12/2025 | AS10: 9 | AU10: Đã nhận | AV10: 45838.381 | AW10: 46017.66 | AX10: - | AZ10: JIG | BA10: Súng xanh | BD10: 46017.662 | BE10: Hủy / Phế | BF10: Jig_Equipment picture/PIE00009.jpg | BH10: Đúng | BL10: 0 | BN10: Đã nhận***26/12/2025 15:50:49 | BO10: ;Đã nhận***26/12/2025 15:50:48;Đã nhận***26/12/2025 15:50:49 | BS10: Đã kiểm kê | BT10: 46017 | BU10: Hủy / Phế
A11: PIE00010 | B11: Screw driver | C11: Súng bắn vít | D11: Shuang Ai | E11: POL-SDGS-0530 | H11: Common | J11: 24VDC, 0,8 ~ 1,6 Nm | K11: No Need | N11: - | P11: No need | S11: - | T11: 1 | U11: Normal | X11: HTV | Y11: 45233 | Z11: VND 580,000 | AB11: EQ | AC11: PIE00010 | AF11: \\vnad\common\PIE\PIE STAFF 04 (Mr. Hoang)\2. Files, documents\File thiết bị\Hình ảnh\PIE00010.jpg | AG11: PIE00010 | AK11: PIE00010Screw driverSúng bắn vítShuang AiPOL-SDGS-0530Common24VDC, 0,8 ~ 1,6 Nm | AM11: 23 | AO11: Screw driver | AP11: Đã kiểm kê 24/06/2026 | AS11: 10 | AU11: Đã nhận | AV11: 46119.376 | AW11: 46197.368 | AX11: - | AZ11: JIG | BA11: Súng xanh | BD11: 46197.368 | BE11: NG | BF11: Jig_Equipment picture/PIE00010.jpg | BH11: Đúng | BL11: 273 | BN11: Đã nhận***24/06/2026 08:50:00 | BO11: ;Chưa trả***07/04/2026 09:00:57: 837_Chu Tiến Dũng - PIE_Line 1;Đã nhận***24/06/2026 08:50:00 | BS11: Đã kiểm kê | BT11: 46197 | BU11: NG
A12: PIE00011 | B12: Screw driver | C12: Súng bắn vít | D12: Shuang Ai | E12: POL-SDGS-0530 | H12: Common | J12: 24VDC, 0,8 ~ 1,6 Nm | K12: No Need | N12: - | P12: No need | S12: - | T12: 1 | U12: Normal | X12: HTV | Y12: 45233 | Z12: VND 580,000 | AB12: EQ | AC12: PIE00011 | AF12: \\vnad\common\PIE\PIE STAFF 04 (Mr. Hoang)\2. Files, documents\File thiết bị\Hình ảnh\PIE00011.jpg | AG12: PIE00011 | AK12: PIE00011Screw driverSúng bắn vítShuang AiPOL-SDGS-0530Common24VDC, 0,8 ~ 1,6 Nm | AM12: 23 | AO12: Screw driver | AP12: Đã kiểm kê 19/01/2026 | AS12: 11 | AU12: Đã nhận | AV12: 45853.373 | AW12: 46041.39 | AX12: - | AZ12: JIG | BA12: Súng xanh | BD12: 46041.394 | BE12: NG | BF12: Jig_Equipment picture/PIE00011.jpg | BH12: Đúng | BL12: 273 | BN12: Đã nhận***19/01/2026 09:22:08 | BO12: ;Đã nhận***19/01/2026 09:22:08 | BS12: Đã kiểm kê | BT12: 46041 | BU12: NG
A13: PIE00012 | B13: Screw driver | C13: Súng bắn vít | D13: Shuang Ai | E13: POL-SDGS-0530 | H13: Common | J13: 24VDC, 0,8 ~ 1,6 Nm | K13: No Need | N13: - | P13: No need | S13: - | T13: 1 | U13: Normal | X13: HTV | Y13: 45233 | Z13: VND 580,000 | AB13: EQ | AC13: PIE00012 | AF13: \\vnad\common\PIE\PIE STAFF 04 (Mr. Hoang)\2. Files, documents\File thiết bị\Hình ảnh\PIE00012.jpg | AG13: PIE00012 | AK13: PIE00012Screw driverSúng bắn vítShuang AiPOL-SDGS-0530Common24VDC, 0,8 ~ 1,6 Nm | AM13: 23 | AO13: Screw driver | AP13: Đã kiểm kê 06/11/2025 | AS13: 12 | AZ13: JIG | BA13: Súng xanh | BD13: 45967.59 | BE13: Bình thường | BF13: Jig_Equipment picture/PIE00012.jpg | BH13: Đúng | BL13: 273 | BN13: *** | BO13: ;*** | BS13: Đã kiểm kê | BT13: 45967 | BU13: Cần phải kiểm kê
A14: PIE00013 | N14: . | P14: No need | S14: - | T14: 1 | U14: Normal | X14: HTV | Y14: 45233 | Z14: VND 570,000 | AB14: EQ | AC14: PIE00013 | AF14: \\vnad\common\PIE\PIE STAFF 04 (Mr. Hoang)\2. Files, documents\File thiết bị\Hình ảnh\PIE00013.jpg | AG14: PIE00013 | AH14: .Hủy / Phế | AK14: PIE00013PIE00013Screw driverSúng bắn vítShuang AiPOL-SDGS-0115Common24VDC, 0,1 ~ 1 Nm | AL14: PIE00013Screw driverSúng bắn vítShuang AiPOL-SDGS-0115Common24VDC, 0,1 ~ 1 Nm | AM14: 23 | AO14: - | AS14: 13 | AZ14: - | BA14: Súng bắn vít nhỏ | BE14: Hủy / Phế | BF14: Jig_Equipment picture/PIE00013.jpg | BH14: Đúng | BL14: 0 | BU14: Hủy / Phế
A15: PIE00014 | B15: Screw driver | C15: Súng bắn vít | D15: Shuang Ai | E15: POL-SDGS-0115 | H15: Common | J15: 24VDC, 0,1 ~ 1 Nm | K15: No Need | N15: - | P15: No need | S15: - | T15: 1 | U15: Normal | X15: HTV | Y15: 45233 | Z15: VND 570,000 | AB15: EQ | AC15: PIE00014 | AF15: \\vnad\common\PIE\PIE STAFF 04 (Mr. Hoang)\2. Files, documents\File thiết bị\Hình ảnh\PIE00014.jpg | AG15: PIE00014 | AK15: PIE00014Screw driverSúng bắn vítShuang AiPOL-SDGS-0115Common24VDC, 0,1 ~ 1 Nm | AM15: 23 | AO15: Screw driver | AP15: Đã kiểm kê 26/06/2026 | AS15: 14 | AU15: Chưa trả | AV15: 46199.565 | AW15: 46006.666 | AX15: 1526 | AY15: Nguyễn Thành Nam - PIE | AZ15: Line 11 | BA15: Súng bắn vít nhỏ | BD15: 46199.57 | BE15: NG | BF15: Jig_Equipment picture/PIE00014.jpg | BH15: Đúng | BL15: 273 | BN15: Chưa trả***26/06/2026 13:34:00: 1526_Nguyễn Thành Nam - PIE_Line 11 | BO15: ;***;Chưa trả***26/06/2026 13:34:00: 1526_Nguyễn Thành Nam - PIE_Line 11 | BS15: Đã kiểm kê | BT15: 46199 | BU15: NG
A16: PIE00015 | N16: . | P16: No need | S16: - | T16: 1 | U16: Normal | X16: HTV | Y16: 45233 | Z16: VND 570,000 | AB16: EQ | AC16: PIE00015 | AF16: \\vnad\common\PIE\PIE STAFF 04 (Mr. Hoang)\2. Files, documents\File thiết bị\Hình ảnh\PIE00015.jpg | AG16: PIE00015 | AH16: .Hủy / Phế | AK16: PIE00015PIE00015Screw driverSúng bắn vítShuang AiPOL-SDGS-0115Common24VDC, 0,1 ~ 1 Nm | AL16: PIE00015Screw driverSúng bắn vítShuang AiPOL-SDGS-0115Common24VDC, 0,1 ~ 1 Nm | AM16: 23 | AO16: - | AP16: Đã kiểm kê 12/01/2026 | AS16: 15 | AU16: Đã nhận | AW16: 46034.66 | AX16: - | AZ16: JIG | BA16: Súng bắn vít nhỏ | BD16: 46034.663 | BE16: Hủy / Phế | BF16: Jig_Equipment picture/PIE00015.jpg | BH16: Đúng | BL16: 0 | BN16: Đã nhận***12/01/2026 15:50:15 | BO16: ;Đã nhận***12/01/2026 15:50:09;Đã nhận***12/01/2026 15:50:11;Đã nhận***12/01/2026 15:50:15 | BS16: Đã kiểm kê | BT16: 46034 | BU16: Hủy / Phế
A17: PIE00016 | N17: . | P17: No need | S17: - | T17: 1 | U17: Normal | X17: HTV | Y17: 45233 | Z17: VND 570,000 | AB17: EQ | AC17: PIE00016 | AF17: \\vnad\common\PIE\PIE STAFF 04 (Mr. Hoang)\2. Files, documents\File thiết bị\Hình ảnh\PIE00016.jpg | AG17: PIE00016 | AH17: .Hủy / Phế | AK17: PIE00016PIE00016Screw driverSúng bắn vítShuang AiPOL-SDGS-0115Common24VDC, 0,1 ~ 1 Nm | AL17: PIE00016Screw driverSúng bắn vítShuang AiPOL-SDGS-0115Common24VDC, 0,1 ~ 1 Nm | AM17: 23 | AO17: - | AS17: 16 | AU17: Đã nhận | AV17: 45836.82 | AW17: 45836.82 | AX17: - | AZ17: JIG | BA17: Súng bắn vít nhỏ | BD17: 46037.266 | BE17: Hủy / Phế | BF17: Jig_Equipment picture/PIE00016.jpg | BH17: Đúng | BL17: 0 | BN17: Đã nhận***28/06/2025 19:40:29 | BU17: Hủy / Phế
A18: PIE00017 | B18: Screw driver | C18: Súng bắn vít | D18: Shuang Ai | E18: POL-SDGS-0530 | H18: Common | J18: 24VDC, 0,8 ~ 1,6 Nm | K18: No Need | N18: - | P18: No need | S18: - | T18: 1 | U18: Normal | X18: HTV | Y18: 45233 | Z18: VND 580,000 | AB18: EQ | AC18: PIE00017 | AF18: \\vnad\common\PIE\PIE STAFF 04 (Mr. Hoang)\2. Files, documents\File thiết bị\Hình ảnh\PIE00017.jpg | AG18: PIE00017 | AK18: PIE00017Screw driverSúng bắn vítShuang AiPOL-SDGS-0530Common24VDC, 0,8 ~ 1,6 Nm | AM18: 23 | AO18: Screw driver | AP18: Đã kiểm kê 06/11/2025 | AS18: 17 | AU18: Đã nhận | AW18: 45839.44 | AX18: - | AZ18: - | BA18: Súng xanh | BD18: 45967.591 | BE18: NG | BF18: Jig_Equipment picture/PIE00017.jpg | BH18: Đúng | BL18: 273 | BN18: Đã nhận***01/07/2025 10:33:53 | BS18: Đã kiểm kê | BT18: 45967 | BU18: NG
A19: PIE00018 | B19: Screw driver | C19: Súng bắn vít | D19: Shuang Ai | E19: POL-SDGS-0530 | H19: Common | J19: 24VDC, 0,8 ~ 1,6 Nm | K19: No Need | N19: - | P19: No need | S19: - | T19: 1 | U19: Normal | X19: HTV | Y19: 45233 | Z19: VND 580,000 | AB19: EQ | AC19: PIE00018 | AF19: \\vnad\common\PIE\PIE STAFF 04 (Mr. Hoang)\2. Files, documents\File thiết bị\Hình ảnh\PIE00018.jpg | AG19: PIE00018 | AK19: PIE00018Screw driverSúng bắn vítShuang AiPOL-SDGS-0530Common24VDC, 0,8 ~ 1,6 Nm | AM19: 23 | AO19: Screw driver | AP19: Đã kiểm kê 07/04/2026 | AS19: 18 | AU19: Chưa trả | AV19: 46119.376 | AX19: 837 | AY19: Chu Tiến Dũng - PIE | AZ19: Line 1 | BA19: Súng xanh | BD19: 46119.376 | BE19: NG | BF19: Jig_Equipment picture/PIE00018.jpg | BH19: Đúng | BL19: 273 | BN19: Chưa trả***07/04/2026 09:01:30: 837_Chu Tiến Dũng - PIE_Line 1 | BO19: ;***;Chưa trả***07/04/2026 09:01:30: 837_Chu Tiến Dũng - PIE_Line 1 | BS19: Đã kiểm kê | BT19: 46119 | BU19: NG
A20: PIE00019 | B20: Soldering Station | C20: Máy hàn | D20: HAKO | E20: SLD 936 | H20: Common | J20: 220V, 60W | K20: No Need | N20: - | P20: No need | S20: - | T20: 1 | U20: Normal | V20: 50398 | X20: TS | AB20: EQ | AC20: PIE00019 | AF20: \\vnad\common\PIE\PIE STAFF 04 (Mr. Hoang)\2. Files, documents\File thiết bị\Hình ảnh\PIE00019.jpg | AG20: PIE00019 | AK20: PIE00019Soldering StationMáy hànHAKOSLD 936Common220V, 60W | AM20: 24 | AO20: Soldering Station | AP20: Đã kiểm kê 26/01/2026 | AS20: 19 | AU20: Đã nhận | AV20: 45964.379 | AW20: 46048.483 | AX20: - | AZ20: JIG | BD20: 46048.528 | BE20: NG | BF20: Jig_Equipment picture/PIE00019.jpg | BH20: Đúng | BL20: 137 | BN20: Đã nhận***26/01/2026 11:35:35 | BO20: ;Chưa trả***03/11/2025 09:05:11: __;Chưa trả***03/11/2025 09:05:11: 1660_Trịnh Trung Tuyến - PIE_Line 11;Đã nhận***26/01/2026 11:35:35 | BS20: Đã kiểm kê | BT20: 46048 | BU20: NG
A21: PIE00020 | B21: Soldering Station | C21: Máy hàn | D21: HAKO | E21: SLD 936 | H21: Common | J21: 220V, 60W | K21: No Need | N21: - | P21: No need | S21: - | T21: 1 | U21: Normal | V21: 50394 | X21: TS | AB21: EQ | AC21: PIE00020 | AF21: \\vnad\common\PIE\PIE STAFF 04 (Mr. Hoang)\2. Files, documents\File thiết bị\Hình ảnh\PIE00020.jpg | AG21: PIE00020 | AK21: PIE00020Soldering StationMáy hànHAKOSLD 936Common220V, 60W | AM21: 24 | AO21: Soldering Station | AP21: Đã kiểm kê 19/06/2026 | AS21: 20 | AU21: Đã nhận | AW21: 46192.746 | AX21: - | AZ21: JIG | BD21: 46192.751 | BE21: Bình thường | BF21: Jig_Equipment picture/PIE00020.jpg | BH21: Đúng | BK21: Tạm thời | BL21: 137 | BN21: Đã nhận***19/06/2026 17:54:41 | BO21: ;***;Đã nhận***19/06/2026 17:54:41 | BS21: Đã kiểm kê | BT21: 46192 | BU21: Trong thời hạn kiểm kê
A22: PIE00021 | B22: Soldering Station | C22: Máy hàn | D22: HAKO | E22: SLD 936 | H22: Common | J22: 220V, 60W | K22: No Need | N22: - | P22: No need | S22: - | T22: 1 | U22: Normal | V22: 50382 | X22: TS | AB22: EQ | AC22: PIE00021 | AF22: \\vnad\common\PIE\PIE STAFF 04 (Mr. Hoang)\2. Files, documents\File thiết bị\Hình ảnh\PIE00021.jpg | AG22: PIE00021 | AK22: PIE00021Soldering StationMáy hànHAKOSLD 936Common220V, 60W | AM22: 24 | AO22: Soldering Station | AP22: Đã kiểm kê 10/02/2026 | AS22: 21 | AU22: Đã nhận | AV22: 46024.41 | AW22: 46063.388 | AX22: - | AZ22: JIG | BD22: 46063.391 | BE22: Bình thường | BF22: Jig_Equipment picture/PIE00021.jpg | BH22: Đúng | BL22: 137 | BN22: Đã nhận***10/02/2026 09:18:53 | BO22: ;Chưa trả***02/01/2026 09:50:40: 537_Ngô Văn Phương - PIE_Line 4;Đã nhận***02/01/2026 15:14:37;Đã nhận***10/02/2026 09:18:53 | BS22: Đã kiểm kê | BT22: 46063 | BU22: Cần phải kiểm kê
A23: PIE00022 | B23: Soldering Station | C23: Máy hàn | D23: HAKO | E23: SLD 936 | H23: Common | J23: 220V, 60W | K23: No Need | N23: - | P23: No need | S23: - | T23: 1 | U23: Normal | V23: 50475 | X23: TS | AB23: EQ | AC23: PIE00022 | AF23: \\vnad\common\PIE\PIE STAFF 04 (Mr. Hoang)\2. Files, documents\File thiết bị\Hình ảnh\PIE00022.jpg | AG23: PIE00022 | AK23: PIE00022Soldering StationMáy hànHAKOSLD 936Common220V, 60W | AM23: 24 | AO23: Soldering Station | AP23: Đã kiểm kê 19/06/2026 | AS23: 22 | AU23: Đã nhận | AW23: 46192.747 | AX23: - | AZ23: JIG | BD23: 46192.751 | BE23: Bình thường | BF23: Jig_Equipment picture/PIE00022.jpg | BH23: Đúng | BK23: Tạm thời | BL23: 137 | BN23: Đã nhận***19/06/2026 17:55:24 | BO23: ;***;Đã nhận***19/06/2026 17:55:20;Đã nhận***19/06/2026 17:55:24 | BS23: Đã kiểm kê | BT23: 46192 | BU23: Trong thời hạn kiểm kê
A24: PIE00023 | B24: Hot Air Rework Station | C24: Trạm khò | D24: Quick | E24: QUICK 957DW+ | H24: Common | J24: 220V, 580W | K24: No Need | N24: - | P24: No need | S24: - | T24: 1 | U24: Normal | V24: 50880 | X24: TS | AB24: EQ | AC24: PIE00023 | AF24: \\vnad\common\PIE\PIE STAFF 04 (Mr. Hoang)\2. Files, documents\File thiết bị\Hình ảnh\PIE00023.jpg | AG24: PIE00023 | AK24: PIE00023Hot Air Rework StationTrạm khòQuickQUICK 957DW+Common220V, 580W | AM24: 24 | AO24: Hot Air Rework Station | AP24: Đã kiểm kê 12/12/2025 | AS24: 23 | AU24: Đã nhận | AW24: 45980.451 | AX24: - | AZ24: REPAIR | BD24: 46036.383 | BF24: Jig_Equipment picture/PIE00023.jpg | BH24: Đúng | BK24: Cố định | BL24: 9 | BN24: Đã nhận***19/11/2025 10:48:50 | BS24: Đã kiểm kê | BT24: 46003 | BU24: Cần phải kiểm kê
A25: PIE00024 | B25: Hot Air Rework Station | C25: Trạm khò | D25: Quick | E25: QUICK 957DW+ | H25: Common | J25: 220V, 580W | K25: No Need | N25: - | P25: No need | S25: - | T25: 1 | U25: Normal | V25: 50883 | X25: TS | AB25: EQ | AC25: PIE00024 | AF25: \\vnad\common\PIE\PIE STAFF 04 (Mr. Hoang)\2. Files, documents\File thiết bị\Hình ảnh\PIE00024.jpg | AG25: PIE00024 | AK25: PIE00024Hot Air Rework StationTrạm khòQuickQUICK 957DW+Common220V, 580W | AM25: 24 | AO25: Hot Air Rework Station | AP25: Đã kiểm kê 17/12/2025 | AS25: 24 | AZ25: REPAIR | BD25: 46036.383 | BF25: Jig_Equipment picture/PIE00024.jpg | BH25: Đúng | BK25: Cố định | BL25: 9 | BN25: *** | BO25: ;*** | BS25: Đã kiểm kê | BT25: 46008 | BU25: Cần phải kiểm kê
A26: PIE00025 | B26: Digital Oscilloscope | C26: Máy hiện sóng | D26: . | E26: TBS-1000C | F26: C013902 | H26: Roland | J26: 100-240V | K26: External | L26: 45994 | M26: 46359 | N26: Còn hiệu lực hiệu chuẩn | P26: No need | S26: - | T26: 1 | U26: Normal | V26: 50200 | X26: TS | AB26: EQ | AC26: PIE00025 | AF26: \\vnad\common\PIE\PIE STAFF 04 (Mr. Hoang)\2. Files, documents\File thiết bị\Hình ảnh\PIE00025.jpg | AG26: PIE00025 | AK26: PIE00025Digital OscilloscopeMáy hiện sóng.TBS-1000CC013902Roland100-240V | AM26: 24 | AO26: Digital Oscilloscope | AP26: Đã kiểm kê 18/12/2025 | AS26: 25 | AU26: Chưa trả | AV26: 45987.544 | AX26: 487 | AY26: Đỗ Ngọc Hải - PIE | AZ26: REPAIR | BA26: Mang đi hiệu chuẩn | BD26: 46036.383 | BE26: Empty | BF26: Jig_Equipment picture/PIE00025.jpg | BH26: Đúng | BK26: Cố định | BL26: 4 | BN26: Chưa trả***26/11/2025 13:03:18: 487_Đỗ Ngọc Hải - PIE_REPAIR | BO26: ;Chưa trả***26/11/2025 13:03:18: 487_Đỗ Ngọc Hải - PIE_REPAIR | BQ26: 01/06/2026 15:38:15 : External 12/03/2025 - 12/03/2026 _ TECHMASTER _ PASS | BR26: ;01/06/2026 15:37:25 : External 12/03/2025 - 08/13/2025 _ _;01/06/2026 15:37:44 : External 12/03/2025 - 12/03/2026 _ _;01/06/2026 15:38:02 : External 12/03/2025 - 12/03/2026 _ TECHMASTER _;01/06/2026 15:38:15 : External 12/03/2025 - 12/03/2026 _ TECHMASTER _ PASS | BS26: Đã kiểm kê | BT26: 46009 | BU26: Cần phải kiểm kê
A27: PIE00026 | B27: Screw driver | C27: Súng bắn vít | D27: Shuang Ai | E27: POL-SDGS-0530 | H27: Common | J27: 24VDC, 0,8 ~ 1,6 Nm | K27: No Need | N27: - | P27: No need | S27: - | T27: 1 | U27: Normal | X27: HTV | Y27: 45233 | Z27: VND 580,000 | AB27: EQ | AC27: PIE00026 | AF27: \\vnad\common\PIE\PIE STAFF 04 (Mr. Hoang)\2. Files, documents\File thiết bị\Hình ảnh\PIE00026.jpg | AG27: PIE00026 | AK27: PIE00026Screw driverSúng bắn vítShuang AiPOL-SDGS-0530Common24VDC, 0,8 ~ 1,6 Nm | AM27: 23 | AO27: Screw driver | AP27: Đã kiểm kê 06/11/2025 | AS27: 26 | AU27: Chưa trả | AV27: 45870.784 | AW27: 45870.784 | AX27: 813 | AY27: Phạm Đức Trung - PIE | AZ27: JIG | BA27: Súng xanh | BD27: 45967.591 | BE27: NG | BF27: Jig_Equipment picture/PIE00026.jpg | BH27: Đúng | BL27: 273 | BN27: Chưa trả***01/08/2025 18:49:03: 813_Phạm Đức Trung - PIE_JIG | BO27: ;Chưa trả***01/08/2025 18:49:03: 813_Phạm Đức Trung - PIE_JIG | BS27: Đã kiểm kê | BT27: 45967 | BU27: NG
A28: PIE00027 | B28: Screw driver | C28: Súng bắn vít | D28: Shuang Ai | E28: POL-SDGS-0530 | H28: Common | J28: 24VDC, 0,8 ~ 1,6 Nm | K28: No Need | N28: - | P28: No need | S28: - | T28: 1 | U28: Normal | X28: HTV | Y28: 45233 | Z28: VND 580,000 | AB28: EQ | AC28: PIE00027 | AF28: \\vnad\common\PIE\PIE STAFF 04 (Mr. Hoang)\2. Files, documents\File thiết bị\Hình ảnh\PIE00027.jpg | AG28: PIE00027 | AK28: PIE00027Screw driverSúng bắn vítShuang AiPOL-SDGS-0530Common24VDC, 0,8 ~ 1,6 Nm | AM28: 23 | AO28: Screw driver | AP28: Đã kiểm kê 07/04/2026 | AS28: 27 | AU28: Chưa trả | AV28: 46119.376 | AW28: 46034.66 | AX28: 837 | AY28: Chu Tiến Dũng - PIE | AZ28: Line 1 | BA28: Súng xanh | BD28: 46119.376 | BE28: NG | BF28: Jig_Equipment picture/PIE00027.jpg | BH28: Đúng | BL28: 273 | BN28: Chưa trả***07/04/2026 09:00:58: 837_Chu Tiến Dũng - PIE_Line 1 | BO28: ;***;Đã nhận***12/01/2026 15:50:12;Chưa trả***07/04/2026 09:00:58: 837_Chu Tiến Dũng - PIE_Line 1 | BS28: Đã kiểm kê | BT28: 46119 | BU28: NG
A29: PIE00028 | B29: Screw driver | C29: Súng bắn vít | D29: Shuang Ai | E29: POL-SDGS-0530 | H29: Common | J29: 24VDC, 0,8 ~ 1,6 Nm | K29: No Need | N29: - | P29: No need | S29: - | T29: 1 | U29: Normal | X29: HTV | Y29: 45233 | Z29: VND 580,000 | AB29: EQ | AC29: PIE00028 | AF29: \\vnad\common\PIE\PIE STAFF 04 (Mr. Hoang)\2. Files, documents\File thiết bị\Hình ảnh\PIE00028.jpg | AG29: PIE00028 | AK29: PIE00028Screw driverSúng bắn vítShuang AiPOL-SDGS-0530Common24VDC, 0,8 ~ 1,6 Nm | AM29: 23 | AO29: Screw driver | AP29: Đã kiểm kê 06/11/2025 | AS29: 28 | AZ29: JIG | BA29: Súng xanh | BD29: 45967.591 | BE29: NG | BF29: Jig_Equipment picture/PIE00028.jpg | BH29: Đúng | BL29: 273 | BN29: *** | BO29: ;*** | BS29: Đã kiểm kê | BT29: 45967 | BU29: NG
A30: PIE00029 | B30: Screw driver | C30: Súng bắn vít | D30: Shuang Ai | E30: POL-SDGS-0530 | H30: Common | J30: 24VDC, 0,8 ~ 1,6 Nm | K30: No Need | N30: - | P30: No need | S30: - | T30: 1 | U30: Normal | X30: HTV | Y30: 45233 | Z30: VND 580,000 | AB30: EQ | AC30: PIE00029 | AF30: \\vnad\common\PIE\PIE STAFF 04 (Mr. Hoang)\2. Files, documents\File thiết bị\Hình ảnh\PIE00029.jpg | AG30: PIE00029 | AK30: PIE00029Screw driverSúng bắn vítShuang AiPOL-SDGS-0530Common24VDC, 0,8 ~ 1,6 Nm | AM30: 23 | AO30: Screw driver | AP30: Đã kiểm kê 25/11/2025 | AS30: 29 | AU30: Chưa trả | AV30: 45986.402 | AX30: 1525 | AY30: Nguyễn Long Định - PIE | AZ30: Line 10 | BA30: Súng xanh | BD30: 45986.402 | BE30: NG | BF30: Jig_Equipment picture/PIE00029.jpg | BH30: Đúng | BL30: 273 | BN30: Chưa trả***25/11/2025 09:38:47: 1525_Nguyễn Long Định - PIE_Line 10 | BO30: ;*** | BS30: Đã kiểm kê | BT30: 45986 | BU30: NG
A31: PIE00030 | B31: Screw driver | C31: Súng bắn vít | D31: Shuang Ai | E31: POL-SDGS-0530 | H31: Common | J31: 24VDC, 0,8 ~ 1,6 Nm | K31: No Need | N31: - | P31: No need | S31: - | T31: 1 | U31: Normal | X31: HTV | Y31: 45233 | Z31: VND 580,000 | AB31: EQ | AC31: PIE00030 | AF31: \\vnad\common\PIE\PIE STAFF 04 (Mr. Hoang)\2. Files, documents\File thiết bị\Hình ảnh\PIE00030.jpg | AG31: PIE00030 | AK31: PIE00030Screw driverSúng bắn vítShuang AiPOL-SDGS-0530Common24VDC, 0,8 ~ 1,6 Nm | AM31: 23 | AO31: Screw driver | AP31: Đã kiểm kê 27/02/2026 | AS31: 30 | AU31: Đã nhận | AW31: 46080.571 | AX31: - | AZ31: JIG | BA31: Súng xanh | BD31: 46080.571 | BE31: NG | BF31: Jig_Equipment picture/PIE00030.jpg | BH31: Đúng | BL31: 273 | BN31: Đã nhận***27/02/2026 13:41:37 | BO31: ;***;Đã nhận***27/02/2026 13:41:37 | BS31: Đã kiểm kê | BT31: 46080 | BU31: NG
A32: PIE00031 | B32: Screw driver | C32: Súng bắn vít | E32: POL-SDGS-0530 | H32: Common | J32: 24VDC, 0,8 ~ 1,6 Nm | K32: No Need | N32: - | P32: No need | S32: - | T32: 1 | U32: Normal | X32: HTV | Y32: 45233 | Z32: VND 580,000 | AB32: EQ | AC32: PIE00031 | AF32: \\vnad\common\PIE\PIE STAFF 04 (Mr. Hoang)\2. Files, documents\File thiết bị\Hình ảnh\PIE00031.jpg | AG32: PIE00031 | AK32: PIE00031Screw driverSúng bắn vítPOL-SDGS-0530Common24VDC, 0,8 ~ 1,6 Nm | AM32: 23 | AO32: Screw driver | AP32: Đã kiểm kê 07/04/2026 | AS32: 31 | AU32: Chưa trả | AV32: 46119.376 | AW32: 46003.369 | AX32: 837 | AY32: Chu Tiến Dũng - PIE | AZ32: Line 1 | BA32: Súng xanh | BD32: 46119.376 | BE32: NG | BF32: Jig_Equipment picture/PIE00031.jpg | BH32: Đúng | BL32: 273 | BN32: Chưa trả***07/04/2026 09:01:30: 837_Chu Tiến Dũng - PIE_Line 1 | BO32: ;Chưa trả***07/04/2026 09:01:30: 837_Chu Tiến Dũng - PIE_Line 1 | BS32: Đã kiểm kê | BT32: 46119 | BU32: NG
A33: PIE00032 | B33: Screw driver | C33: Súng bắn vít | D33: Shuang Ai | E33: POL-SDGS-0115 | H33: Common | J33: 24VDC, 0,1 ~ 1 Nm | K33: No Need | N33: - | P33: No need | S33: - | T33: 1 | U33: Normal | X33: HTV | Y33: 45233 | Z33: VND 570,000 | AB33: EQ | AC33: PIE00032 | AF33: \\vnad\common\PIE\PIE STAFF 04 (Mr. Hoang)\2. Files, documents\File thiết bị\Hình ảnh\PIE00032.jpg | AG33: PIE00032 | AK33: PIE00032Screw driverSúng bắn vítShuang AiPOL-SDGS-0115Common24VDC, 0,1 ~ 1 Nm | AM33: 23 | AO33: Screw driver | AP33: Đã kiểm kê 15/12/2025 | AS33: 32 | AU33: Đã nhận | AW33: 46006.666 | AX33: - | AZ33: JIG | BA33: Súng bắn vít nhỏ | BD33: 46006.705 | BE33: NG | BF33: Jig_Equipment picture/PIE00032.jpg | BH33: Đúng | BL33: 273 | BN33: Đã nhận***15/12/2025 15:58:39 | BO33: ;Đã nhận***15/12/2025 15:58:39 | BS33: Đã kiểm kê | BT33: 46006 | BU33: NG
A34: PIE00033 | B34: Screw driver | C34: Súng bắn vít | D34: Shuang Ai | E34: POL-SDGS-0115 | H34: Common | J34: 24VDC, 0,1 ~ 1 Nm | K34: No Need | N34: - | P34: No need | S34: - | T34: 1 | U34: Normal | X34: HTV | Y34: 45233 | Z34: VND 570,000 | AB34: EQ | AC34: PIE00033 | AF34: \\vnad\common\PIE\PIE STAFF 04 (Mr. Hoang)\2. Files, documents\File thiết bị\Hình ảnh\PIE00033.jpg | AG34: PIE00033 | AK34: PIE00033Screw driverSúng bắn vítShuang AiPOL-SDGS-0115Common24VDC, 0,1 ~ 1 Nm | AM34: 23 | AO34: Screw driver | AP34: Đã kiểm kê 09/12/2025 | AS34: 33 | AZ34: REPAIR | BA34: Súng bắn vít nhỏ | BD34: 46036.383 | BE34: NG | BF34: Jig_Equipment picture/PIE00033.jpg | BH34: Đúng | BK34: Cố định | BL34: 273 | BN34: *** | BO34: ;*** | BS34: Đã kiểm kê | BT34: 46000 | BU34: NG
A35: PIE00034 | B35: Screw driver | C35: Súng bắn vít | D35: Shuang Ai | E35: POL-SDGS-0115 | H35: Common | J35: 24VDC, 0,1 ~ 1 Nm | K35: No Need | N35: - | P35: No need | S35: - | T35: 1 | U35: Normal | X35: HTV | Y35: 45233 | Z35: VND 570,000 | AB35: EQ | AC35: PIE00034 | AF35: \\vnad\common\PIE\PIE STAFF 04 (Mr. Hoang)\2. Files, documents\File thiết bị\Hình ảnh\PIE00034.jpg | AG35: PIE00034 | AK35: PIE00034Screw driverSúng bắn vítShuang AiPOL-SDGS-0115Common24VDC, 0,1 ~ 1 Nm | AM35: 23 | AO35: Screw driver | AP35: Đã kiểm kê 12/12/2025 | AS35: 34 | AU35: Đã nhận | AW35: 46003.369 | AX35: - | AZ35: JIG | BA35: Súng bắn vít nhỏ | BD35: 46003.37 | BE35: Hủy / Phế | BF35: Jig_Equipment picture/PIE00034.jpg | BH35: Đúng | BL35: 273 | BN35: Đã nhận***12/12/2025 08:51:41 | BS35: Đã kiểm kê | BT35: 46003 | BU35: Hủy / Phế
A36: PIE00035 | B36: Screw driver | C36: Súng bắn vít | D36: Shuang Ai | E36: POL-SDGS-0115 | H36: Common | J36: 24VDC, 0,1 ~ 1 Nm | K36: No Need | N36: - | P36: No need | S36: - | T36: 1 | U36: Normal | X36: HTV | Y36: 45233 | Z36: VND 570,000 | AB36: EQ | AC36: PIE00035 | AF36: \\vnad\common\PIE\PIE STAFF 04 (Mr. Hoang)\2. Files, documents\File thiết bị\Hình ảnh\PIE00035.jpg | AG36: PIE00035 | AK36: PIE00035Screw driverSúng bắn vítShuang AiPOL-SDGS-0115Common24VDC, 0,1 ~ 1 Nm | AM36: 23 | AO36: Screw driver | AP36: Đã kiểm kê 13/02/2026 | AS36: 35 | AU36: Đã nhận | AV36: 45845.647 | AW36: 46066.361 | AX36: - | AZ36: JIG | BA36: Súng bắn vít nhỏ | BD36: 46066.362 | BE36: NG | BF36: Jig_Equipment picture/PIE00035.jpg | BH36: Đúng | BL36: 273 | BN36: Đã nhận***13/02/2026 08:39:58 | BO36: ;Đã nhận***15/12/2025 15:58:45;Đã nhận***13/02/2026 08:39:58 | BS36: Đã kiểm kê | BT36: 46066 | BU36: NG
A37: PIE00036 | N37: . | P37: No need | S37: - | T37: 1 | U37: Normal | X37: HTV | Y37: 45233 | Z37: VND 570,000 | AB37: EQ | AC37: PIE00036 | AF37: \\vnad\common\PIE\PIE STAFF 04 (Mr. Hoang)\2. Files, documents\File thiết bị\Hình ảnh\PIE00036.jpg | AG37: PIE00036 | AH37: .Hủy / Phế | AK37: PIE00036PIE00036Screw driverSúng bắn vítShuang AiPOL-SDGS-0115Common24VDC, 0,1 ~ 1 Nm | AL37: PIE00036Screw driverSúng bắn vítShuang AiPOL-SDGS-0115Common24VDC, 0,1 ~ 1 Nm | AM37: 23 | AO37: - | AS37: 36 | AZ37: - | BA37: Súng bắn vít nhỏ | BE37: Hủy / Phế | BF37: Jig_Equipment picture/PIE00036.jpg | BH37: Đúng | BL37: 0 | BU37: Hủy / Phế
A38: PIE00037 | B38: Screw driver | C38: Súng bắn vít | D38: Shuang Ai | E38: POL-SDGS-0115 | H38: Common | K38: No Need | N38: - | P38: No need | S38: - | T38: 1 | U38: Normal | X38: HTV | Y38: 45233 | Z38: VND 570,000 | AB38: EQ | AC38: PIE00037 | AF38: \\vnad\common\PIE\PIE STAFF 04 (Mr. Hoang)\2. Files, documents\File thiết bị\Hình ảnh\PIE00037.jpg | AG38: PIE00037 | AK38: PIE00037Screw driverSúng bắn vítShuang AiPOL-SDGS-0115Common | AM38: 23 | AO38: Screw driver | AP38: Đã kiểm kê 17/12/2025 | AS38: 37 | AU38: Chưa trả | AV38: 45839.679 | AX38: 217 | AY38: Phùng Huy Hoàng - PIE | AZ38: Line 13 | BA38: Súng bắn vít nhỏ | BD38: 46008.413 | BE38: NG | BF38: Jig_Equipment picture/PIE00037.jpg | BH38: Đúng | BL38: 273 | BN38: Chưa trả***01/07/2025 16:17:50: 217_Phùng Huy Hoàng - PIE_Line 13 | BO38: ;Chưa trả***01/07/2025 16:17:50: 217_Phùng Huy Hoàng - PIE_Line 13 | BS38: Đã kiểm kê | BT38: 46008 | BU38: NG
A39: PIE00038 | N39: . | P39: No need | S39: - | T39: 1 | U39: Normal | X39: HTV | Y39: 45233 | Z39: VND 570,000 | AB39: EQ | AC39: PIE00038 | AF39: \\vnad\common\PIE\PIE STAFF 04 (Mr. Hoang)\2. Files, documents\File thiết bị\Hình ảnh\PIE00038.jpg | AG39: PIE00038 | AH39: .Hủy / Phế | AK39: PIE00038PIE00038Screw driverSúng bắn vítShuang AiPOL-SDGS-0115Common24VDC, 0,1 ~ 1 Nm | AL39: PIE00038Screw driverSúng bắn vítShuang AiPOL-SDGS-0115Common24VDC, 0,1 ~ 1 Nm | AM39: 24 | AO39: - | AS39: 38 | AZ39: - | BA39: Súng bắn vít nhỏ | BE39: Hủy / Phế | BF39: Jig_Equipment picture/PIE00038.jpg | BH39: Đúng | BL39: 0 | BU39: Hủy / Phế
A40: PIE00039 | B40: Barcode Scanner | C40: Súng Scan Barcode | D40: OPTORI | E40: EV-006 | F40: EV00622H24129 | H40: Common | J40: Súng scan barcode 2D | K40: No Need | N40: - | P40: No need | S40: - | T40: 1 | U40: Normal | X40: HTV | AB40: EQ | AC40: PIE00039 | AF40: \\vnad\common\PIE\PIE STAFF 04 (Mr. Hoang)\2. Files, documents\File thiết bị\Hình ảnh\PIE00039.jpg | AG40: PIE00039 | AK40: PIE00039Barcode ScannerSúng Scan BarcodeOPTORIEV-006EV00622H24129CommonSúng scan barcode 2D | AM40: 23 | AO40: Barcode Scanner | AP40: Đã kiểm kê 29/12/2025 | AS40: 39 | AZ40: - | BD40: 46020.371 | BE40: Bình thường | BF40: Jig_Equipment picture/PIE00039.jpg | BH40: Đúng | BL40: 34 | BN40: *** | BO40: ;*** | BS40: Đã kiểm kê | BT40: 46020 | BU40: Cần phải kiểm kê
A41: PIE00040 | B41: Barcode Scanner | C41: Súng Scan Barcode | D41: OPTORI | E41: EV-006 | H41: Common | J41: Súng scan barcode 2D | K41: No Need | N41: - | P41: No need | S41: - | T41: 1 | U41: Normal | X41: HTV | AB41: EQ | AC41: PIE00040 | AF41: \\vnad\common\PIE\PIE STAFF 04 (Mr. Hoang)\2. Files, documents\File thiết bị\Hình ảnh\PIE00040.jpg | AG41: PIE00040 | AK41: PIE00040Barcode ScannerSúng Scan BarcodeOPTORIEV-006CommonSúng scan barcode 2D | AM41: 23 | AO41: Barcode Scanner | AP41: Đã kiểm kê 29/12/2025 | AS41: 40 | AZ41: - | BD41: 46020.371 | BE41: Bình thường | BF41: Jig_Equipment picture/PIE00040.jpg | BH41: Đúng | BL41: 34 | BN41: *** | BO41: ;*** | BS41: Đã kiểm kê | BT41: 46020 | BU41: Cần phải kiểm kê
A42: PIE00041 | B42: Barcode Scanner | C42: Súng Scan Barcode | D42: OPTORI | E42: EV-006 | F42: EV00622H24103 | H42: Common | J42: Súng scan barcode 2D | K42: No Need | N42: - | P42: No need | S42: - | T42: 1 | U42: Normal | X42: HTV | AB42: EQ | AC42: PIE00041 | AF42: \\vnad\common\PIE\PIE STAFF 04 (Mr. Hoang)\2. Files, documents\File thiết bị\Hình ảnh\PIE00041.jpg | AG42: PIE00041 | AK42: PIE00041Barcode ScannerSúng Scan BarcodeOPTORIEV-006EV00622H24103CommonSúng scan barcode 2D | AM42: 23 | AO42: Barcode Scanner | AP42: Đã kiểm kê 07/09/2026 | AS42: 41 | AU42: Chưa trả | AV42: 46272.441 | AW42: 46259.801 | AX42: 442 | AY42: Nông Huyền Phương - FA | AZ42: Logtag SMT | BD42: 46272.442 | BE42: Bình thường | BF42: Jig_Equipment picture/PIE00041.jpg | BH42: Đúng | BL42: 34 | BN42: Chưa trả***07/09/2026 10:35:34: 442_Nông Huyền Phương - FA_Logtag SMT | BO42: ;Chưa trả***09/01/2026 13:13:33: 1525_Nguyễn Long Định - PIE_Line 10;Đã nhận***13/02/2026 09:30:15;Đã nhận***10/03/2026 08:37:38;Đã nhận***25/08/2026 19:12:44;Chưa trả***07/09/2026 10:35:34: -__JIG;Chưa trả***07/09/2026 10:35:34: 442_Nông Huyền Phương - FA_Logtag SMT | BS42: Đã kiểm kê | BT42: 46272 | BU42: Trong thời hạn kiểm kê
A43: PIE00042 | B43: Barcode Scanner | C43: Súng Scan Barcode | D43: OPTORI | E43: EV-006 | H43: Common | J43: Súng scan barcode 2D | K43: No Need | N43: - | P43: No need | S43: - | T43: 1 | U43: Normal | X43: HTV | AB43: EQ | AC43: PIE00042 | AF43: \\vnad\common\PIE\PIE STAFF 04 (Mr. Hoang)\2. Files, documents\File thiết bị\Hình ảnh\PIE00042.jpg | AG43: PIE00042 | AK43: PIE00042Barcode ScannerSúng Scan BarcodeOPTORIEV-006CommonSúng scan barcode 2D | AM43: 23 | AO43: Barcode Scanner | AP43: Đã kiểm kê 24/03/2026 | AS43: 42 | AU43: Đã nhận | AV43: 46105.586 | AW43: 46105.641 | AX43: - | AZ43: JIG | BD43: 46105.641 | BE43: Bình thường | BF43: Jig_Equipment picture/PIE00042.jpg | BH43: Đúng | BL43: 34 | BN43: Đã nhận***24/03/2026 15:23:14 | BO43: ;Đã nhận***10/03/2026 08:37:39;Chưa trả***10/03/2026 09:35:50: 1276_Nguyễn Hải Văn - PIE_Line 11;Đã nhận***17/03/2026 19:45:16;Chưa trả***24/03/2026 14:04:17: 1276_Nguyễn Hải Văn - PIE_Line 6;Đã nhận***24/03/2026 15:23:14 | BS43: Đã kiểm kê | BT43: 46105 | BU43: Trong thời hạn kiểm kê
A44: PIE00043 | B44: Barcode Scanner | C44: Súng Scan Barcode | D44: SYBLE | E44: XB-2178G | F44: 242856001 | H44: Common | J44: Súng scan barcode 1D | K44: No Need | N44: - | P44: No need | S44: - | T44: 1 | U44: Normal | X44: TS | AB44: EQ | AC44: PIE00043 | AF44: \\vnad\common\PIE\PIE STAFF 04 (Mr. Hoang)\2. Files, documents\File thiết bị\Hình ảnh\PIE00043.jpg | AG44: PIE00043 | AK44: PIE00043Barcode ScannerSúng Scan BarcodeSYBLEXB-2178G242856001CommonSúng scan barcode 1D | AM44: 23 | AO44: Barcode Scanner | AP44: Đã kiểm kê 29/12/2025 | AS44: 43 | AZ44: - | BD44: 46020.371 | BE44: Bình thường | BF44: Jig_Equipment picture/PIE00043.jpg | BH44: Đúng | BL44: 34 | BN44: *** | BO44: ;*** | BS44: Đã kiểm kê | BT44: 46020 | BU44: Cần phải kiểm kê
A45: PIE00044 | B45: Barcode Scanner | C45: Súng Scan Barcode | D45: SYBLE | E45: XB-2178G | F45: 242856012 | H45: Common | J45: Súng scan barcode 1D | K45: No Need | N45: - | P45: No need | S45: - | T45: 1 | U45: Normal | X45: TS | AB45: EQ | AC45: PIE00044 | AF45: \\vnad\common\PIE\PIE STAFF 04 (Mr. Hoang)\2. Files, documents\File thiết bị\Hình ảnh\PIE00044.jpg | AG45: PIE00044 | AK45: PIE00044Barcode ScannerSúng Scan BarcodeSYBLEXB-2178G242856012CommonSúng scan barcode 1D | AM45: 23 | AO45: Barcode Scanner | AP45: Đã kiểm kê 15/12/2025 | AS45: 44 | AU45: Đã nhận | AW45: 45931.336 | AX45: - | AZ45: Line 11 | BD45: 46006.805 | BE45: Bình thường | BF45: Jig_Equipment picture/PIE00044.jpg | BH45: Đúng | BL45: 34 | BN45: Đã nhận***01/10/2025 08:03:21 | BS45: Đã kiểm kê | BT45: 46006 | BU45: Cần phải kiểm kê
A46: PIE00045 | B46: Barcode Scanner | C46: Súng Scan Barcode | D46: SYBLE | E46: XB-2178G | H46: Common | J46: Súng scan barcode 1D | K46: No Need | N46: - | P46: No need | S46: - | T46: 1 | U46: Normal | X46: TS | AB46: EQ | AC46: PIE00045 | AF46: \\vnad\common\PIE\PIE STAFF 04 (Mr. Hoang)\2. Files, documents\File thiết bị\Hình ảnh\PIE00045.jpg | AG46: PIE00045 | AK46: PIE00045Barcode ScannerSúng Scan BarcodeSYBLEXB-2178GCommonSúng scan barcode 1D | AM46: 23 | AO46: Barcode Scanner | AP46: Đã kiểm kê 17/12/2025 | AS46: 45 | AU46: Đã nhận | AV46: 45839.539 | AW46: 45839.539 | AX46: - | AZ46: JIG | BD46: 46008.604 | BE46: Bình thường | BF46: Jig_Equipment picture/PIE00045.jpg | BH46: Đúng | BL46: 34 | BN46: Đã nhận***01/07/2025 12:55:53 | BS46: Đã kiểm kê | BT46: 46008 | BU46: Cần phải kiểm kê
A47: PIE00046 | B47: Barcode Scanner | C47: Súng Scan Barcode | D47: SYBLE | E47: XB-2178G | F47: 242856006 | H47: Common | J47: Súng scan barcode 1D | K47: No Need | N47: - | P47: No need | S47: - | T47: 1 | U47: Normal | X47: TS | AB47: EQ | AC47: PIE00046 | AF47: \\vnad\common\PIE\PIE STAFF 04 (Mr. Hoang)\2. Files, documents\File thiết bị\Hình ảnh\PIE00046.jpg | AG47: PIE00046 | AK47: PIE00046Barcode ScannerSúng Scan BarcodeSYBLEXB-2178G242856006CommonSúng scan barcode 1D | AM47: 23 | AO47: Barcode Scanner | AP47: Đã kiểm kê 19/01/2026 | AS47: 46 | AU47: Chưa trả | AV47: 46041.396 | AW47: 46013.566 | AX47: 494 | AY47: Bùi Tiến Thành - FA | AZ47: MSK | BD47: 46041.398 | BE47: Bình thường | BF47: Jig_Equipment picture/PIE00046.jpg | BH47: Đúng | BL47: 34 | BN47: Chưa trả***19/01/2026 09:30:33: 494_Bùi Tiến Thành - FA_MSK | BO47: ;Chưa trả***20/11/2025 11:22:41: 1294_Nguyễn Thị Hồng Linh - FA_Line 10;Đã nhận***22/12/2025 13:35:19;Chưa trả***23/12/2025 13:52:39: -__JIG;Chưa trả***23/12/2025 13:52:39: 1660_Trịnh Trung Tuyến - PIE_Line 4;Chưa trả***25/12/2025 09:43:24: 1660_Trịnh Trung Tuyến - PIE_Line 4;Chưa trả***25/12/2025 09:43:24: 1526_Nguyễn Thành Nam - PIE_Line 12;Chưa trả***26/12/2025 13:23:23: 217_Phùng Huy Hoàng - PIE_PIE;Chưa trả***07/01/2026 10:33:36: 813_Phạm Đức Trung - PIE_Line 6;Chưa trả***19/01/2026 09:30:33: 494_Bùi Tiến Thành - FA_MSK | BS47: Đã kiểm kê | BT47: 46041 | BU47: Cần phải kiểm kê
A48: PIE00047 | B48: Barcode Scanner | C48: Súng Scan Barcode | D48: SYBLE | E48: XB-2178G | H48: Common | J48: Súng scan barcode 1D | K48: No Need | N48: - | P48: No need | S48: - | T48: 1 | U48: Normal | X48: TS | AB48: EQ | AC48: PIE00047 | AF48: \\vnad\common\PIE\PIE STAFF 04 (Mr. Hoang)\2. Files, documents\File thiết bị\Hình ảnh\PIE00047.jpg | AG48: PIE00047 | AK48: PIE00047Barcode ScannerSúng Scan BarcodeSYBLEXB-2178GCommonSúng scan barcode 1D | AM48: 23 | AO48: Barcode Scanner | AP48: Đã kiểm kê 07/04/2026 | AS48: 47 | AU48: Đã nhận | AV48: 46051.665 | AW48: 46119.356 | AX48: - | AZ48: JIG | BD48: 46119.356 | BE48: Hủy / Phế | BF48: Jig_Equipment picture/PIE00047.jpg | BH48: Đúng | BL48: 34 | BN48: Đã nhận***07/04/2026 08:32:22 | BO48: ;***;Đã nhận***22/12/2025 13:35:17;Chưa trả***26/12/2025 13:23:23: 217_Phùng Huy Hoàng - PIE_PIE;Đã nhận***26/01/2026 11:35:37;Chưa trả***29/01/2026 15:57:49: 1526_Nguyễn Thành Nam - PIE_Line 12;Đã nhận***07/04/2026 08:32:22 | BS48: Đã kiểm kê | BT48: 46119 | BU48: Hủy / Phế
A49: PIE00048 | B49: Barcode Scanner | C49: Súng Scan Barcode | D49: SYBLE | E49: XB-2178G | F49: 242856003 | H49: Common | J49: Súng scan barcode 1D | K49: No Need | N49: - | P49: No need | S49: - | T49: 1 | U49: Normal | X49: TS | AB49: EQ | AC49: PIE00048 | AF49: \\vnad\common\PIE\PIE STAFF 04 (Mr. Hoang)\2. Files, documents\File thiết bị\Hình ảnh\PIE00048.jpg | AG49: PIE00048 | AK49: PIE00048Barcode ScannerSúng Scan BarcodeSYBLEXB-2178G242856003CommonSúng scan barcode 1D | AM49: 23 | AO49: Barcode Scanner | AP49: Đã kiểm kê 12/12/2025 | AS49: 48 | AU49: Đã nhận | AV49: 45999.676 | AW49: 46000.612 | AX49: - | AZ49: Line 14 | BD49: 46003.566 | BE49: Bình thường | BF49: Jig_Equipment picture/PIE00048.jpg | BH49: Đúng | BL49: 34 | BN49: Đã nhận***09/12/2025 14:41:51 | BO49: ;Chưa trả***08/12/2025 16:13:58: 1660_Trịnh Trung Tuyến - PIE_Line 8;Chưa trả***08/12/2025 16:13:58: 1660_Trịnh Trung Tuyến - PIE_PIE | BS49: Đã kiểm kê | BT49: 46003 | BU49: Cần phải kiểm kê
A50: PIE00049 | B50: Ion Fan | C50: Quạt ion | D50: AEROSTATPC | F50: 2132340000000000 | H50: Roland | J50: Quạt tĩnh điện | K50: No Need | N50: - | P50: No need | S50: - | T50: 1 | U50: Normal | V50: 51014 | X50: TS | AB50: EQ | AC50: PIE00049 | AF50: \\vnad\common\PIE\PIE STAFF 04 (Mr. Hoang)\2. Files, documents\File thiết bị\Hình ảnh\PIE00049.jpg | AG50: PIE00049 | AK50: PIE00049Ion FanQuạt ionAEROSTATPC2132340000000000RolandQuạt tĩnh điện | AM50: 23 | AO50: Ion Fan | AP50: Đã kiểm kê 25/08/2026 | AS50: 49 | AU50: Chưa trả | AV50: 46259.74 | AW50: 46253.399 | AX50: 92 | AY50: Hoàng Thị Ngân - FA | AZ50: FA | BD50: 46259.74 | BE50: Bình thường | BF50: Jig_Equipment picture/PIE00049.jpg | BH50: Đúng | BL50: 4 | BN50: Chưa trả***25/08/2026 17:45:30: 92_Hoàng Thị Ngân - FA_FA | BO50: ;Chưa trả***25/08/2025 08:06:48: 494_Bùi Tiến Thành - FA_MSK;Đã nhận***21/01/2026 13:06:13;Chưa trả***26/01/2026 08:48:11: -__JIG;Chưa trả***26/01/2026 08:48:11: 494_Bùi Tiến Thành - FA_Line 11;Đã nhận***02/02/2026 14:50:45;Chưa trả***02/02/2026 16:42:52: 813_Phạm Đức Trung - PIE_Line 13;Đã nhận***06/02/2026 13:49:58;Chưa trả***09/02/2026 08:29:06: Thành__Line 11;Đã nhận***09/05/2026 09:50:58;Đã nhận***02/06/2026 13:58:21;Đã nhận***20/07/2026 18:21:05;Chưa trả***24/07/2026 08:17:00: 1526_Nguyễn Thành Nam - PIE_Line 14;Đã nhận***07/08/2026 14:33:20;Chưa trả***13/08/2026 13:02:20: 1526_Nguyễn Thành Nam - PIE_Line 12;Đã nhận***19/08/2026 09:34:56;Chưa trả***25/08/2026 17:45:30: 92_Hoàng Thị Ngân - FA_FA | BS50: Đã kiểm kê | BT50: 46259 | BU50: Trong thời hạn kiểm kê
A51: PIE00050 | B51: Ion Fan | C51: Quạt ion | D51: AEROSTATPC | F51: 2132340000000000 | H51: Roland | J51: Quạt tĩnh điện | K51: No Need | N51: - | P51: No need | S51: - | T51: 1 | U51: Normal | V51: 51012 | X51: TS | AB51: EQ | AC51: PIE00050 | AF51: \\vnad\common\PIE\PIE STAFF 04 (Mr. Hoang)\2. Files, documents\File thiết bị\Hình ảnh\PIE00050.jpg | AG51: PIE00050 | AK51: PIE00050Ion FanQuạt ionAEROSTATPC2132340000000000RolandQuạt tĩnh điện | AM51: 23 | AO51: Ion Fan | AP51: Đã kiểm kê 08/04/2026 | AS51: 50 | AU51: Chưa trả | AV51: 46120.705 | AW51: 46104.696 | AX51: 813 | AY51: Phạm Đức Trung - PIE | AZ51: PIE | BD51: 46120.705 | BE51: Bình thường | BF51: Jig_Equipment picture/PIE00050.jpg | BH51: Đúng | BL51: 4 | BM51: 45862.44905092593 | BN51: Chưa trả***08/04/2026 16:54:55: 813_Phạm Đức Trung - PIE_PIE | BO51: ;Đã nhận***29/09/2025 09:50:06: __;Chưa trả***01/10/2025 08:34:44: 1660_Trịnh Trung Tuyến - PIE_Line 11;Chưa trả***03/11/2025 11:23:45: -__-;Chưa trả***03/11/2025 11:23:45: 1660_Trịnh Trung Tuyến - PIE_Line 6;Chưa trả***14/11/2025 09:12:30: Tuyến__Line 11;Chưa trả***10/12/2025 13:24:38: 1660_Trịnh Trung Tuyến - PIE_Line 14;Đã nhận***22/12/2025 13:35:28;Chưa trả***09/02/2026 13:40:08: 1526_Nguyễn Thành Nam - PIE_Line 12;Đã nhận***23/03/2026 16:42:12;Chưa trả***08/04/2026 16:54:55: 813_Phạm Đức Trung - PIE_PIE | BS51: Đã kiểm kê | BT51: 46120 | BU51: Trong thời hạn kiểm kê
A52: PIE00051 | B52: Digital Recoder | C52: Máy thu âm kỹ thuật số | D52: Roland | E52: BR-80 | H52: Roland | K52: No Need | N52: - | P52: No need | S52: - | T52: 1 | U52: Normal | X52: Roland | AB52: EQ | AC52: PIE00051 | AF52: \\vnad\common\PIE\PIE STAFF 04 (Mr. Hoang)\2. Files, documents\File thiết bị\Hình ảnh\PIE00051.jpg | AG52: PIE00051 | AK52: PIE00051Digital RecoderMáy thu âm kỹ thuật sốRolandBR-80Roland | AM52: 23 | AO52: Digital Recoder | AP52: Đã kiểm kê 14/05/2026 | AS52: 51 | AU52: Đã nhận | AV52: 46146.47 | AW52: 46156.459 | AX52: - | AZ52: JIG | BD52: 46156.462 | BE52: Bình thường | BF52: Jig_Equipment picture/PIE00051.jpg | BH52: Đúng | BL52: 7 | BN52: Đã nhận***14/05/2026 11:01:05 | BO52: ;Chưa trả***31/10/2025 11:37:43: 813_Phạm Đức Trung - PIE_Line 8;Chưa trả***31/10/2025 11:37:43: 1660_Trịnh Trung Tuyến - PIE_Line 14;Chưa trả***03/12/2025 16:35:26: 1526_Nguyễn Thành Nam - PIE_Line 13;Đã nhận***15/12/2025 14:09:26;Chưa trả***22/12/2025 13:35:59: 1525_Nguyễn Long Định - PIE_Line 10;Đã nhận***07/01/2026 09:52:57;Chưa trả***02/04/2026 15:40:37: 1276_Nguyễn Hải Văn - PIE_Line 14;Đã nhận***14/04/2026 14:10:57;Chưa trả***04/05/2026 11:16:44: 1276_Nguyễn Hải Văn - PIE_Line 13;Đã nhận***14/05/2026 11:01:05 | BS52: Đã kiểm kê | BT52: 46156 | BU52: Trong thời hạn kiểm kê
A53: PIE00052 | B53: Digital Recoder | C53: Máy thu âm kỹ thuật số | D53: Roland | E53: BR-80 | H53: Roland | K53: No Need | N53: - | P53: No need | S53: - | T53: 1 | U53: Normal | X53: Roland | AB53: EQ | AC53: PIE00052 | AF53: \\vnad\common\PIE\PIE STAFF 04 (Mr. Hoang)\2. Files, documents\File thiết bị\Hình ảnh\PIE00052.jpg | AG53: PIE00052 | AK53: PIE00052Digital RecoderMáy thu âm kỹ thuật sốRolandBR-80Roland | AM53: 23 | AO53: Digital Recoder | AP53: Đã kiểm kê 21/11/2025 | AS53: 52 | AZ53: OQC | BD53: 46036.386 | BF53: Jig_Equipment picture/PIE00052.jpg | BH53: Đúng | BK53: Cố định | BL53: 7 | BN53: *** | BS53: Đã kiểm kê | BT53: 45982 | BU53: Cần phải kiểm kê
A54: PIE00053 | B54: Digital Recoder | C54: Máy thu âm kỹ thuật số | D54: Roland | E54: BR-80 | H54: Roland | K54: No Need | N54: - | P54: No need | S54: - | T54: 1 | U54: Normal | X54: Roland | AB54: EQ | AC54: PIE00053 | AF54: \\vnad\common\PIE\PIE STAFF 04 (Mr. Hoang)\2. Files, documents\File thiết bị\Hình ảnh\PIE00053.jpg | AG54: PIE00053 | AK54: PIE00053Digital RecoderMáy thu âm kỹ thuật sốRolandBR-80Roland | AM54: 24 | AO54: Digital Recoder | AP54: Đã kiểm kê 07/09/2026 | AS54: 53 | AU54: Đã nhận | AV54: 46270.749 | AW54: 46272.451 | AX54: - | AZ54: JIG | BD54: 46272.452 | BE54: Bình thường | BF54: Jig_Equipment picture/PIE00053.jpg | BH54: Đúng | BL54: 7 | BN54: Đã nhận***07/09/2026 10:49:56 | BO54: ;Chưa trả***23/01/2026 10:15:33: 1660_Trịnh Trung Tuyến - PIE_Line 6;Đã nhận***03/02/2026 18:06:10;Chưa trả***02/04/2026 15:40:37: 1276_Nguyễn Hải Văn - PIE_Line 14;Đã nhận***14/04/2026 14:10:59;Chưa trả***04/05/2026 11:16:44: 1276_Nguyễn Hải Văn - PIE_Line 13;Đã nhận***14/05/2026 11:01:05;Đã nhận***05/06/2026 18:53:39;Chưa trả***10/07/2026 11:11:56: 1526_Nguyễn Thành Nam - PIE_Line 14;Đã nhận***23/07/2026 11:43:30;Đã nhận***29/07/2026 11:13:28;Đã nhận***07/08/2026 10:29:21;Chưa trả***05/09/2026 17:59:12: 1526_Nguyễn Thành Nam - PIE_Line 14;Đã nhận***07/09/2026 10:49:56 | BS54: Đã kiểm kê | BT54: 46272 | BU54: Trong thời hạn kiểm kê
A55: PIE00054 | B55: Digital Oscilloscope | C55: Máy hiện sóng dùng cho sản xuất | D55: OWON | E55: SDS1022 | F55: SDS10222250623 | H55: Roland | J55: 20Mhz, 100MSa/s 100-240V 50/60Hz 15W | K55: External | L55: 45994 | M55: 46359 | N55: Còn hiệu lực hiệu chuẩn | P55: No need | S55: - | T55: 1 | U55: Normal | V55: 51033 | X55: VANDA | AB55: EQ | AC55: PIE00054 | AF55: \\vnad\common\PIE\PIE STAFF 04 (Mr. Hoang)\2. Files, documents\File thiết bị\Hình ảnh\PIE00054.jpg | AG55: PIE00054 | AK55: PIE00054Digital OscilloscopeMáy hiện sóng dùng cho sản xuấtOWONSDS1022SDS10222250623Roland20Mhz, 100MSa/s 100-240V 50/60Hz 15W | AM55: 23 | AO55: Digital Oscilloscope | AP55: Đã kiểm kê 27/08/2026 | AS55: 54 | AU55: Chưa trả | AV55: 46261.756 | AW55: 46258.789 | AX55: 1526 | AY55: Nguyễn Thành Nam - PIE | AZ55: MI | BD55: 46261.756 | BE55: Bình thường | BF55: Jig_Equipment picture/PIE00054.jpg | BH55: Đúng | BL55: 20 | BN55: Chưa trả***27/08/2026 18:08:00: 1526_Nguyễn Thành Nam - PIE_MI | BO55: rả***10/10/2025 11:17:12: -__-;Chưa trả***10/10/2025 11:17:12: -__Line 14;Đã nhận***15/10/2025 14:30:32;Đã nhận***28/10/2025 14:43:34;Chưa trả***17/11/2025 08:49:21: 1526_Nguyễn Thành Nam - PIE_Line 1;Chưa trả***26/11/2025 13:03:07: 1526_Nguyễn Thành Nam - PIE_Line 1;Chưa trả***26/11/2025 13:03:07: 487_Đỗ Ngọc Hải - PIE_PIE;Đã nhận***16/12/2025 09:35:14;Chưa trả***22/12/2025 13:36:00: 1526_Nguyễn Thành Nam - PIE_Line 6;Đã nhận***07/01/2026 09:52:59;Chưa trả***16/01/2026 16:50:43: 1526_Nguyễn Thành Nam - PIE_Line 14;Đã nhận***13/02/2026 10:54:37;Chưa trả***27/02/2026 15:41:54: 1276_Nguyễn Hải Văn - PIE_Line 13;Đã nhận***28/03/2026 11:29:04;Chưa trả***07/04/2026 13:21:13: 1526_Nguyễn Thành Nam - PIE_Line 14;Đã nhận***12/05/2026 19:46:59;Đã nhận***05/06/2026 12:57:00;Chưa trả***10/06/2026 10:25:44: 1276_Nguyễn Hải Văn - PIE_Line 14;Đã nhận***13/06/2026 15:35:51;Chưa trả***23/06/2026 16:46:18: 1526_Nguyễn Thành Nam - PIE_Line 12;Đã nhận***27/06/2026 14:05:59;Đã nhận***27/06/2026 14:06:01;Chưa trả***06/07/2026 18:38:44: 1526_Nguyễn Thành Nam - PIE_Line 14;Đã nhận***23/07/2026 11:43:30;Chưa trả***29/07/2026 13:47:08: 1526_Nguyễn Thành Nam - PIE_Line 14;Đã nhận***29/07/2026 16:23:37;Chưa trả***30/07/2026 13:48:04: 1719_Hoàng Minh Trọng - Engineering_Line 13;Đã nhận***30/07/2026 18:41:56;Chưa trả***07/08/2026 08:42:32: 1526_Nguyễn Thành Nam - PIE_Line 14;Đã nhận***24/08/2026 18:55:48;Chưa trả***27/08/2026 18:08:00: -__JIG;Chưa trả***27/08/2026 18:08:00: 1526_Nguyễn Thành Nam - PIE_MI | BQ55: 01/06/2026 15:38:58 : External 12/03/2025 - 12/03/2026 _ TECHMASTER _ PASS | BR55: ;10/29/2025 09:49:10 : External 08/13/2024 - 08/02/2025 _ _;10/29/2025 09:49:21 : External 08/13/2024 - 08/13/2025 _ _;10/29/2025 09:49:32 : External 08/13/2024 - 08/13/2025 _ TECHMASTER _;10/29/2025 09:49:43 : External 08/13/2024 - 08/13/2025 _ TECHMASTER _ PASS;01/06/2026 15:38:58 : External 12/03/2025 - 12/03/2026 _ TECHMASTER _ PASS | BS55: Đã kiểm kê | BT55: 46261 | BU55: Trong thời hạn kiểm kê
A56: PIE00055 | B56: Digital Oscilloscope | C56: Máy hiện sóng | D56: OWON | E56: SDS1022 | F56: SDS10222250621 | H56: Roland | J56: 20Mhz, 100MSa/s 100-240V 50/60Hz 15W | K56: External | L56: 46213 | M56: 46578 | N56: Còn hiệu lực hiệu chuẩn | P56: No need | S56: - | T56: 1 | U56: Normal | V56: 51032 | X56: VANDA | AB56: EQ | AC56: PIE00055 | AF56: \\vnad\common\PIE\PIE STAFF 04 (Mr. Hoang)\2. Files, documents\File thiết bị\Hình ảnh\PIE00055.jpg | AG56: PIE00055 | AK56: PIE00055Digital OscilloscopeMáy hiện sóngOWONSDS1022SDS10222250621Roland20Mhz, 100MSa/s 100-240V 50/60Hz 15W | AM56: 23 | AO56: Digital Oscilloscope | AP56: Đã kiểm kê 12/12/2025 | AS56: 55 | AZ56: OQC | BD56: 46245.353 | BE56: Empty | BF56: Jig_Equipment picture/PIE00055.jpg | BH56: Đúng | BI56: [{"provider":"github","fileId":"","path":"Calibration_reports/2026/08/PIE00055/341/115638775_f9fb8643_TSG-672219.pdf","sha":"66b7128dd006a9c9e8b0a085539559054c377693","name":"TSG-672219.pdf","mimeType":"application/pdf","size":1337442,"url":"https://github.com/phunghuyhoangdaniel/MPVNEquipmentCalibration/blob/main/Calibration_reports/2026/08/PIE00055/341/115638775_f9fb8643_TSG-672219.pdf","downloadUrl":"https://raw.githubusercontent.com/phunghuyhoangdaniel/MPVNEquipmentCalibration/main/Calibration_reports/2026/08/PIE00055/341/115638775_f9fb8643_TSG-672219.pdf","repo":"phunghuyhoangdaniel/MPVNEquipmentCalibration","branch":"main"}] | BK56: Cố định | BL56: 4 | BN56: *** | BO56: ;*** | BS56: Đã kiểm kê | BT56: 46003 | BU56: Cần phải kiểm kê
A57: PIE00056 | B57: Signal Generator | C57: Máy tạo sóng dùng cho sản xuất | D57: LWDQGS | E57: TAG-101 | F57: 221105843 | H57: Roland | J57: Máy tạo sóng | K57: External | L57: 46265 | M57: 46630 | N57: Hết hạn hiệu chuẩn | P57: No need | S57: - | T57: 1 | U57: Normal | V57: 51007 | X57: TS | AB57: EQ | AC57: PIE00056 | AF57: \\vnad\common\PIE\PIE STAFF 04 (Mr. Hoang)\2. Files, documents\File thiết bị\Hình ảnh\PIE00056.jpg | AG57: PIE00056 | AK57: PIE00056Signal GeneratorMáy tạo sóng dùng cho sản xuấtLWDQGSTAG-101221105843RolandMáy tạo sóng | AM57: 23 | AO57: Signal Generator | AP57: Đã kiểm kê 04/09/2026 | AS57: 56 | AU57: Đã nhận | AV57: 46263.447 | AW57: 46269.484 | AX57: - | AZ57: JIG | BA57: 20260515 Hiệu chuẩn NG (Lỗi: Chập chờn) | BD57: 46269.493 | BE57: NG | BF57: Jig_Equipment picture/PIE00056.jpg | BH57: Đúng | BI57: [{"provider":"github","fileId":"","path":"Calibration_reports/2026/08/UNLINKED/CR-20260831-111948-L98XQ/114758135_0bc39cc9_TSG-529865.pdf","sha":"1172c475cc3efade3e649fc94b8cf8fa4e6ecab8","name":"TSG-529865.pdf","mimeType":"application/pdf","size":475837,"url":"https://github.com/phunghuyhoangdaniel/MPVNEquipmentCalibration/blob/main/Calibration_reports/2026/08/UNLINKED/CR-20260831-111948-L98XQ/114758135_0bc39cc9_TSG-529865.pdf","downloadUrl":"https://raw.githubusercontent.com/phunghuyhoangdaniel/MPVNEquipmentCalibration/main/Calibration_reports/2026/08/UNLINKED/CR-20260831-111948-L98XQ/114758135_0bc39cc9_TSG-529865.pdf","repo":"phunghuyhoangdaniel/MPVNEquipmentCalibration","branch":"main"}] | BL57: 10 | BN57: Đã nhận***04/09/2026 11:37:07 | BO57: ;Chưa trả***24/10/2025 10:24:37: 1660_Trịnh Trung Tuyến - PIE_Line 11;Chưa trả***24/10/2025 10:24:37: 1660_Trịnh Trung Tuyến - PIE_Line 12;Chưa trả***29/10/2025 14:25:51: -__-;Chưa trả***29/10/2025 14:25:51: 1276_Nguyễn Hải Văn - PIE_MI;Đã nhận***07/11/2025 09:52:26;Chưa trả***17/11/2025 11:37:59: 1660_Trịnh Trung Tuyến - PIE_Line 12;Chưa trả***21/11/2025 16:46:52: -__-;Chưa trả***21/11/2025 16:46:52: 813_Phạm Đức Trung - PIE_Line 13;Đã nhận***16/12/2025 09:35:16;Chưa trả***14/01/2026 11:50:07: 1526_Nguyễn Thành Nam - PIE_Line 14;Đã nhận***23/01/2026 13:28:19;Đã nhận***23/01/2026 14:30:31;Chưa trả***02/02/2026 09:44:20: 1660_Trịnh Trung Tuyến - PIE_Line 11;Đã nhận***09/02/2026 10:38:52;Chưa trả***10/02/2026 10:37:59: 1276_Nguyễn Hải Văn - PIE_Line 13;Đã nhận***13/02/2026 10:54:36;Chưa trả***19/03/2026 13:44:38: 813_Phạm Đức Trung - PIE_Line 11;Đã nhận***08/04/2026 13:07:17;Chưa trả***16/04/2026 18:56:52: 813_Phạm Đức Trung - PIE_Line 14;Đã nhận***21/04/2026 15:29:26;Chưa trả***08/05/2026 14:57:21: 1526_Nguyễn Thành Nam - PIE_Line 11;Đã nhận***12/05/2026 19:46:56;Chưa trả***28/05/2026 16:01:19: -__JIG;Chưa trả***28/05/2026 16:01:19: 217_Phùng Huy Hoàng - PIE_PIE;Đã nhận***27/06/2026 09:23:59;Chưa trả***22/07/2026 14:16:36: 831__Line 14;Đã nhận***31/07/2026 09:17:38;Chưa trả***29/08/2026 10:43:34: 1526_Nguyễn Thành Nam - PIE_Line 14;Đã nhận***04/09/2026 11:37:07 | BS57: Đã kiểm kê | BT57: 46269 | BU57: NG
A58: PIE00057 | B58: Signal Generator | C58: Máy tạo sóng dùng cho sản xuất | D58: LWDQGS | E58: TAG-101 | F58: 221104208 | H58: Roland | J58: Máy tạo sóng | K58: External | L58: 46157 | M58: 46522 | N58: Còn hiệu lực hiệu chuẩn | P58: No need | S58: - | T58: 1 | U58: Normal | V58: 51010 | X58: TS | AB58: EQ | AC58: PIE00057 | AF58: \\vnad\common\PIE\PIE STAFF 04 (Mr. Hoang)\2. Files, documents\File thiết bị\Hình ảnh\PIE00057.jpg | AG58: PIE00057 | AK58: PIE00057Signal GeneratorMáy tạo sóng dùng cho sản xuấtLWDQGSTAG-101221104208RolandMáy tạo sóng | AM58: 23 | AO58: Signal Generator | AP58: Đã kiểm kê 05/09/2026 | AS58: 57 | AU58: Đã nhận | AV58: 46270.555 | AW58: 46270.803 | AX58: - | AZ58: JIG | BD58: 46270.804 | BE58: Bình thường | BF58: Jig_Equipment picture/PIE00057.jpg | BH58: Đúng | BI58: [{"provider":"github","fileId":"","path":"Calibration_reports/2026/08/PIE00057/239/115335212_a01bfb63_TSG-654574.pdf","sha":"eece7ba83f961bfdc2b8560cccab3451db24762d","name":"TSG-654574.pdf","mimeType":"application/pdf","size":1336051,"url":"https://github.com/phunghuyhoangdaniel/MPVNEquipmentCalibration/blob/main/Calibration_reports/2026/08/PIE00057/239/115335212_a01bfb63_TSG-654574.pdf","downloadUrl":"https://raw.githubusercontent.com/phunghuyhoangdaniel/MPVNEquipmentCalibration/main/Calibration_reports/2026/08/PIE00057/239/115335212_a01bfb63_TSG-654574.pdf","repo":"phunghuyhoangdaniel/MPVNEquipmentCalibration","branch":"main"}] | BL58: 10 | BN58: Đã nhận***05/09/2026 19:16:19 | BO58: ;***;Đã nhận***16/12/2025 09:35:17;Chưa trả***22/12/2025 13:35:43: 1660_Trịnh Trung Tuyến - PIE_Line 4;Đã nhận***23/12/2025 16:43:36;Chưa trả***14/01/2026 11:50:07: 1526_Nguyễn Thành Nam - PIE_Line 14;Đã nhận***21/01/2026 16:00:21;Đã nhận***21/01/2026 16:00:22;Chưa trả***02/02/2026 09:44:20: 1660_Trịnh Trung Tuyến - PIE_Line 11;Đã nhận***05/02/2026 14:29:30;Chưa trả***06/02/2026 08:49:28: -__JIG;Chưa trả***06/02/2026 08:49:28: 1276_Nguyễn Hải Văn - PIE_Line 12;Đã nhận***13/02/2026 09:15:56;Chưa trả***23/02/2026 13:09:29: 1276_Nguyễn Hải Văn - PIE_Line 13;Đã nhận***25/02/2026 18:15:04;Chưa trả***26/02/2026 08:41:40: 1526_Nguyễn Thành Nam - PIE_Line 12;Đã nhận***04/03/2026 12:53:31;Chưa trả***24/03/2026 19:17:04: 1256__Line 13;Đã nhận***28/03/2026 11:29:04;Chưa trả***09/04/2026 07:54:18: 1526_Nguyễn Thành Nam - PIE_Line 14;Đã nhận***16/04/2026 18:56:51;Chưa trả***19/06/2026 13:21:11: 1526_Nguyễn Thành Nam - PIE_Line 11;Đã nhận***26/06/2026 19:30:38;Chưa trả***03/07/2026 08:52:54: 1526_Nguyễn Thành Nam - PIE_Line 11;Đã nhận***24/07/2026 16:45:48;Chưa trả***17/08/2026 14:09:32: 1526_Nguyễn Thành Nam - PIE_Line 11;Đã nhận***20/08/2026 10:58:05;Chưa trả***28/08/2026 15:35:08: 1526_Nguyễn Thành Nam - PIE_Line 14;Đã nhận***04/09/2026 11:37:07;Chưa trả***05/09/2026 13:19:20: 1526_Nguyễn Thành Nam - PIE_Line 14;Đã nhận***05/09/2026 19:16:19 | BQ58: 05/16/2026 16:26:05 : External 05/15/2026 - 05/15/2027 _ _ | BR58: ;05/16/2026 16:25:49 : External 05/15/2026 - 05/24/2026 _ _;05/16/2026 16:26:05 : External 05/15/2026 - 05/15/2027 _ _ | BS58: Đã kiểm kê | BT58: 46270 | BU58: Trong thời hạn kiểm kê
A59: PIE00058 | B59: Speaker/Microphone auto polarity tester | C59: Máy phân cực | D59: Rek | E59: RK5991N | F59: 5991N220519020 | H59: Roland | K59: External | L59: 46157 | M59: 46522 | N59: Còn hiệu lực hiệu chuẩn | P59: No need | S59: - | T59: 1 | U59: Normal | V59: 51085 | X59: TS | AB59: EQ | AC59: PIE00058 | AE59: 1 | AF59: \\vnad\common\PIE\PIE STAFF 04 (Mr. Hoang)\2. Files, documents\File thiết bị\Hình ảnh\PIE00058.jpg | AG59: PIE00058 | AK59: PIE00058Speaker/Microphone auto polarity testerMáy phân cựcRekRK5991N5991N220519020Roland | AM59: 23 | AO59: Speaker/Microphone auto polarity tester | AP59: Đã kiểm kê 28/08/2026 | AS59: 58 | AU59: Chưa trả | AV59: 46262.649 | AW59: 46258.789 | AX59: 1526 | AY59: Nguyễn Thành Nam - PIE | AZ59: Line 14 | BD59: 46262.652 | BE59: Bình thường | BF59: Jig_Equipment picture/PIE00058.jpg | BH59: Đúng | BI59: [{"provider":"github","fileId":"","path":"Calibration_reports/2026/08/PIE00058/243/115011233_0c0756fa_TSG-654540.pdf","sha":"fa6ac529b5289525431698e7191241532886c836","name":"TSG-654540.pdf","mimeType":"application/pdf","size":1290660,"url":"https://github.com/phunghuyhoangdaniel/MPVNEquipmentCalibration/blob/main/Calibration_reports/2026/08/PIE00058/243/115011233_0c0756fa_TSG-654540.pdf","downloadUrl":"https://raw.githubusercontent.com/phunghuyhoangdaniel/MPVNEquipmentCalibration/main/Calibration_reports/2026/08/PIE00058/243/115011233_0c0756fa_TSG-654540.pdf","repo":"phunghuyhoangdaniel/MPVNEquipmentCalibration","branch":"main"}] | BL59: 4 | BN59: Chưa trả***28/08/2026 15:35:09: 1526_Nguyễn Thành Nam - PIE_Line 14 | BO59: ;Chưa trả***13/10/2025 16:06:35: 1660_Trịnh Trung Tuyến - PIE_Line 11;Chưa trả***23/10/2025 11:32:53: -__-;Chưa trả***23/10/2025 11:32:53: 1526_Nguyễn Thành Nam - PIE_Line 14;Đã nhận***23/12/2025 16:19:46;Chưa trả***02/02/2026 09:44:20: 1660_Trịnh Trung Tuyến - PIE_Line 11;Chưa trả***27/02/2026 15:41:52: 1276_Nguyễn Hải Văn - PIE_Line 13;Đã nhận***28/03/2026 11:28:58;Chưa trả***30/03/2026 18:00:19: 1526_Nguyễn Thành Nam - PIE_Line 13;Đã nhận***14/04/2026 14:10:59;Đã nhận***19/05/2026 19:13:00;Chưa trả***23/05/2026 18:58:11: 1276_Nguyễn Hải Văn - PIE_Line 14;Đã nhận***05/06/2026 18:53:41;Chưa trả***10/06/2026 10:25:47: 1276_Nguyễn Hải Văn - PIE_Line 14;Đã nhận***13/06/2026 15:35:50;Đã nhận***13/06/2026 15:35:53;Chưa trả***23/06/2026 16:46:18: 1526_Nguyễn Thành Nam - PIE_Line 12;Đã nhận***27/06/2026 14:05:58;Chưa trả***03/07/2026 08:52:53: 1526_Nguyễn Thành Nam - PIE_Line 11;Đã nhận***24/07/2026 16:45:47;Chưa trả***29/07/2026 13:47:08: 1526_Nguyễn Thành Nam - PIE_Line 14;Đã nhận***29/07/2026 16:23:38;Chưa trả***07/08/2026 09:47:37: 1526_Nguyễn Thành Nam - PIE_Line 14;Chưa trả***07/08/2026 09:55:09: 1526_Nguyễn Thành Nam - PIE_Line 14;Đã nhận***24/08/2026 18:55:48;Chưa trả***28/08/2026 15:35:09: 1526_Nguyễn Thành Nam - PIE_Line 14 | BQ59: 05/16/2026 16:30:15 : External 05/15/2026 - 05/15/2027 _ _ | BR59: ;05/16/2026 16:30:00 : External 05/15/2026 - 05/24/2026 _ _;05/16/2026 16:30:15 : External 05/15/2026 - 05/15/2027 _ _ | BS59: Đã kiểm kê | BT59: 46262 | BU59: Trong thời hạn kiểm kê
A60: PIE00059 | B60: Audio Sweeper | C60: Máy quét tần số | D60: Tonghui | E60: TH1312-20 | F60: S014210170 | H60: Roland | J60: F1A/250V AC220V/50Hz | K60: External | L60: 45891 | M60: 46256 | N60: Hết hạn hiệu chuẩn | P60: No need | S60: - | T60: 1 | U60: Normal | V60: 50367 | X60: TS | AB60: EQ | AC60: PIE00059 | AF60: \\vnad\common\PIE\PIE STAFF 04 (Mr. Hoang)\2. Files, documents\File thiết bị\Hình ảnh\PIE00059.jpg | AG60: PIE00059 | AK60: PIE00059Audio SweeperMáy quét tần sốTonghuiTH1312-20S014210170RolandF1A/250V AC220V/50Hz | AM60: 23 | AO60: Audio Sweeper | AP60: Đã kiểm kê 28/08/2026 | AS60: 59 | AU60: Đã nhận | AV60: 46251.458 | AW60: 46262.646 | AX60: - | AZ60: JIG | BD60: 46262.646 | BE60: Bình thường | BF60: Jig_Equipment picture/PIE00059.jpg | BH60: Đúng | BL60: 2 | BN60: Đã nhận***28/08/2026 15:29:38 | BO60: _Line 11;Chưa trả***17/10/2025 15:40:00: 1660_Trịnh Trung Tuyến - PIE_Line 11;Chưa trả***13/11/2025 11:25:47: -__JIG;Chưa trả***13/11/2025 11:25:47: 813_Phạm Đức Trung - PIE_PIE;Chưa trả***09/12/2025 13:20:23: 1660_Trịnh Trung Tuyến - PIE_Line 11;Đã nhận***16/12/2025 09:35:16;Chưa trả***22/12/2025 13:35:42: 1660_Trịnh Trung Tuyến - PIE_Line 4;Đã nhận***26/12/2025 15:50:52;Chưa trả***03/02/2026 10:15:27: -__JIG;Chưa trả***03/02/2026 10:15:27: 813_Phạm Đức Trung - PIE_Line 13;Đã nhận***03/02/2026 19:25:50;Chưa trả***04/02/2026 08:45:59: -__JIG;Chưa trả***04/02/2026 08:45:59: 813_Phạm Đức Trung - PIE_PIE;Đã nhận***13/02/2026 10:54:36;Chưa trả***23/02/2026 13:09:29: 1276_Nguyễn Hải Văn - PIE_Line 13;Đã nhận***25/02/2026 19:36:03;Chưa trả***06/04/2026 13:07:02: -__JIG;Chưa trả***06/04/2026 13:07:02: 813_Phạm Đức Trung - PIE_JIG;Đã nhận***06/04/2026 14:21:11;Chưa trả***09/04/2026 07:54:18: 1526_Nguyễn Thành Nam - PIE_Line 14;Đã nhận***21/04/2026 15:29:21;Chưa trả***05/06/2026 09:57:20: 1526_Nguyễn Thành Nam - PIE_Line 13;Đã nhận***10/06/2026 16:05:14;Chưa trả***06/07/2026 18:38:43: 1526_Nguyễn Thành Nam - PIE_Line 14;Đã nhận***10/07/2026 15:24:51;Chưa trả***21/07/2026 14:17:00: -__JIG;Chưa trả***21/07/2026 14:17:00: 813_Phạm Đức Trung - PIE_PIE;Đã nhận***31/07/2026 09:17:41;Chưa trả***12/08/2026 08:59:33: 813_Phạm Đức Trung - PIE_PIE;Đã nhận***13/08/2026 08:53:25;Chưa trả***17/08/2026 10:58:50: 813_Phạm Đức Trung - PIE_PIE;Đã nhận***20/08/2026 10:58:05;Đã nhận***28/08/2026 15:29:38 | BS60: Đã kiểm kê | BT60: 46262 | BU60: Trong thời hạn kiểm kê
A61: PIE00060 | B61: Speaker CM-30 | C61: Loa CM-30 dùng cho sản xuất | D61: Roland | E61: CM-30 | H61: Roland | J61: Loa CM-30 | K61: No Need | N61: - | P61: No need | S61: - | T61: 1 | U61: Normal | V61: 51005 | X61: Roland | AB61: EQ | AC61: PIE00060 | AF61: \\vnad\common\PIE\PIE STAFF 04 (Mr. Hoang)\2. Files, documents\File thiết bị\Hình ảnh\PIE00060.jpg | AG61: PIE00060 | AK61: PIE00060Speaker CM-30Loa CM-30 dùng cho sản xuấtRolandCM-30RolandLoa CM-30 | AM61: 23 | AO61: Speaker CM-30 | AP61: Đã kiểm kê 06/11/2025 | AS61: 60 | AU61: Chưa trả | AV61: 45864.78 | AW61: 45863.458 | AX61: 813 | AY61: Phạm Đức Trung - PIE | AZ61: MI | BD61: 45966.593 | BE61: Bình thường | BF61: Jig_Equipment picture/PIE00060.jpg | BH61: Đúng | BL61: 20 | BN61: Chưa trả***26/07/2025 18:43:22: 813_Phạm Đức Trung - PIE_MI | BO61: ;Chưa trả***26/07/2025 18:43:22: 813_Phạm Đức Trung - PIE_MI | BS61: Đã kiểm kê | BT61: 45967 | BU61: Cần phải kiểm kê
A62: PIE00061 | B62: Speaker CM-30 | C62: Loa CM-30 dùng cho sản xuất | D62: Roland | E62: CM-30 | H62: Roland | J62: Loa CM-30 | K62: No Need | N62: - | P62: No need | S62: - | T62: 1 | U62: Normal | V62: 51301 | X62: Roland | AB62: EQ | AC62: PIE00061 | AF62: \\vnad\common\PIE\PIE STAFF 04 (Mr. Hoang)\2. Files, documents\File thiết bị\Hình ảnh\PIE00061.jpg | AG62: PIE00061 | AK62: PIE00061Speaker CM-30Loa CM-30 dùng cho sản xuấtRolandCM-30RolandLoa CM-30 | AM62: 23 | AO62: Speaker CM-30 | AP62: Đã kiểm kê 29/08/2026 | AS62: 61 | AU62: Đã nhận | AV62: 46206.37 | AW62: 46263.732 | AX62: - | AZ62: JIG | BD62: 46263.733 | BE62: Bình thường | BF62: Jig_Equipment picture/PIE00061.jpg | BH62: Đúng | BL62: 20 | BN62: Đã nhận***29/08/2026 17:34:41 | BO62: ;Chưa trả***04/10/2025 13:13:23: 1660_Trịnh Trung Tuyến - PIE_Line 13;Chưa trả***04/10/2025 13:13:23: 1660_Trịnh Trung Tuyến - PIE_Line 12;Chưa trả***15/10/2025 13:33:59: -__-;Chưa trả***15/10/2025 13:33:59: 11526__Line 12;Đã nhận***23/12/2025 16:19:48;Chưa trả***02/01/2026 09:28:07: 1526_Nguyễn Thành Nam - PIE_Line 12;Đã nhận***13/01/2026 16:56:42;Chưa trả***16/01/2026 16:50:40: 1526_Nguyễn Thành Nam - PIE_Line 11;Đã nhận***21/01/2026 16:00:27;Chưa trả***22/01/2026 10:31:54: 1276_Nguyễn Hải Văn - PIE_Line 7;Đã nhận***28/01/2026 16:31:09;Chưa trả***30/01/2026 09:37:46: 1660_Trịnh Trung Tuyến - PIE_Line 7;Đã nhận***09/02/2026 10:39:05;Chưa trả***09/02/2026 13:28:16: 1526_Nguyễn Thành Nam - PIE_Line 12;Đã nhận***20/05/2026 15:14:18;Chưa trả***23/05/2026 18:53:48: 1276_Nguyễn Hải Văn - PIE_Line 14;Đã nhận***05/06/2026 18:53:41;Chưa trả***09/06/2026 14:15:29: 1526_Nguyễn Thành Nam - PIE_Line 12;Đã nhận***26/06/2026 19:06:33;Chưa trả***03/07/2026 08:52:55: 1526_Nguyễn Thành Nam - PIE_Line 11;Đã nhận***29/08/2026 17:34:41 | BS62: Đã kiểm kê | BT62: 46263 | BU62: Trong thời hạn kiểm kê
A63: PIE00062 | B63: Speaker CM-30 | C63: Loa CM-30 dùng cho sản xuất | D63: Roland | E63: CM-30 | H63: Roland | J63: Loa CM-30 | K63: No Need | N63: - | P63: No need | S63: - | T63: 1 | U63: Normal | V63: 51337 | X63: Roland | AB63: EQ | AC63: PIE00062 | AF63: \\vnad\common\PIE\PIE STAFF 04 (Mr. Hoang)\2. Files, documents\File thiết bị\Hình ảnh\PIE00062.jpg | AG63: PIE00062 | AK63: PIE00062Speaker CM-30Loa CM-30 dùng cho sản xuấtRolandCM-30RolandLoa CM-30 | AM63: 23 | AO63: Speaker CM-30 | AP63: Đã kiểm kê 15/12/2025 | AS63: 62 | AU63: Chưa trả | AV63: 45918.453 | AW63: 45916.737 | AX63: 1660 | AY63: Trịnh Trung Tuyến - PIE | AZ63: Line 14 | BD63: 46006.807 | BE63: Bình thường | BF63: Jig_Equipment picture/PIE00062.jpg | BH63: Đúng | BL63: 20 | BN63: Chưa trả***18/09/2025 10:51:41: 1660_Trịnh Trung Tuyến - PIE_Line 14 | BO63: ;Chưa trả***18/09/2025 10:51:41: 1660_Trịnh Trung Tuyến - PIE_Line 14 | BS63: Đã kiểm kê | BT63: 46006 | BU63: Cần phải kiểm kê
A64: PIE00063 | B64: Speaker CM-30 | C64: Loa CM-30 dùng cho sản xuất | D64: Roland | E64: CM-30 | H64: Roland | J64: Loa CM-30 | K64: No Need | N64: - | P64: No need | S64: - | T64: 1 | U64: Normal | V64: 51335 | X64: Roland | AB64: EQ | AC64: PIE00063 | AF64: \\vnad\common\PIE\PIE STAFF 04 (Mr. Hoang)\2. Files, documents\File thiết bị\Hình ảnh\PIE00063.jpg | AG64: PIE00063 | AK64: PIE00063Speaker CM-30Loa CM-30 dùng cho sản xuấtRolandCM-30RolandLoa CM-30 | AM64: 23 | AO64: Speaker CM-30 | AP64: Đã kiểm kê 12/02/2026 | AS64: 63 | AU64: Đã nhận | AV64: 45953.546 | AW64: 46065.396 | AX64: - | AZ64: JIG | BD64: 46065.402 | BE64: Bình thường | BF64: Jig_Equipment picture/PIE00063.jpg | BH64: Đúng | BL64: 20 | BM64: 45880.453194444446 | BN64: Đã nhận***12/02/2026 09:30:43 | BO64: ;Đã nhận***29/09/2025 09:48:53: 1660_Trịnh Trung Tuyến - PIE_Line 11;Chưa trả***01/10/2025 08:38:20: 1660_Trịnh Trung Tuyến - PIE_Line 11;Chưa trả***23/10/2025 13:06:38: -__-;Chưa trả***23/10/2025 13:06:38: 1660_Trịnh Trung Tuyến - PIE_Line 12;Đã nhận***12/02/2026 09:30:43 | BS64: Đã kiểm kê | BT64: 46065 | BU64: Cần phải kiểm kê
A65: PIE00064 | B65: Speaker CM-30 | C65: Loa CM-30 dùng cho sản xuất | D65: Roland | E65: CM-30 | H65: Roland | J65: Loa CM-30 | K65: No Need | N65: - | P65: No need | S65: - | T65: 1 | U65: Normal | V65: 51303 | X65: Roland | AB65: EQ | AC65: PIE00064 | AF65: \\vnad\common\PIE\PIE STAFF 04 (Mr. Hoang)\2. Files, documents\File thiết bị\Hình ảnh\PIE00064.jpg | AG65: PIE00064 | AK65: PIE00064Speaker CM-30Loa CM-30 dùng cho sản xuấtRolandCM-30RolandLoa CM-30 | AM65: 23 | AO65: Speaker CM-30 | AP65: Đã kiểm kê 13/08/2026 | AS65: 64 | AU65: Chưa trả | AV65: 46247.431 | AW65: 46245.406 | AX65: 1526 | AY65: Nguyễn Thành Nam - PIE | AZ65: Line 12 | BD65: 46247.432 | BE65: Bình thường | BF65: Jig_Equipment picture/PIE00064.jpg | BH65: Đúng | BL65: 20 | BN65: Chưa trả***13/08/2026 10:20:37: 1526_Nguyễn Thành Nam - PIE_Line 12 | BO65: ;Chưa trả***04/10/2025 13:13:43: 1660_Trịnh Trung Tuyến - PIE_Line 13;Chưa trả***04/10/2025 13:13:43: 1660_Trịnh Trung Tuyến - PIE_Line 12;Chưa trả***23/10/2025 10:31:13: -__-;Đã nhận***09/12/2025 19:37:45;Đã nhận***24/12/2025 15:18:42;Chưa trả***25/12/2025 14:17:51: 1526_Nguyễn Thành Nam - PIE_Line 3;Đã nhận***26/12/2025 14:14:34;Chưa trả***06/01/2026 15:37:56: 1526_Nguyễn Thành Nam - PIE_Line 7;Chưa trả***22/01/2026 10:31:54: 1276_Nguyễn Hải Văn - PIE_Line 7;Chưa trả***27/02/2026 15:41:52: 1276_Nguyễn Hải Văn - PIE_Line 13;Đã nhận***16/04/2026 11:49:27;Chưa trả***04/05/2026 11:16:45: 1276_Nguyễn Hải Văn - PIE_Line 13;Đã nhận***05/06/2026 12:57:03;Chưa trả***09/06/2026 14:15:30: 1526_Nguyễn Thành Nam - PIE_Line 12;Đã nhận***22/06/2026 10:37:40;Chưa trả***23/06/2026 16:46:19: 1526_Nguyễn Thành Nam - PIE_Line 12;Đã nhận***27/06/2026 14:05:58;Chưa trả***30/06/2026 15:21:13: 1276_Nguyễn Hải Văn - PIE_Line 12;Đã nhận***11/08/2026 09:44:12;Chưa trả***13/08/2026 10:20:37: 1526_Nguyễn Thành Nam - PIE_Line 12 | BS65: Đã kiểm kê | BT65: 46247 | BU65: Trong thời hạn kiểm kê
A66: PIE00065 | B66: Speaker CM-30 | C66: Loa CM-30 | D66: Roland | E66: CM-30 | H66: Roland | J66: Loa CM-30 | K66: No Need | N66: - | P66: No need | S66: - | T66: 1 | U66: Normal | V66: 51333 | X66: Roland | AB66: EQ | AC66: PIE00065 | AF66: \\vnad\common\PIE\PIE STAFF 04 (Mr. Hoang)\2. Files, documents\File thiết bị\Hình ảnh\PIE00065.jpg | AG66: PIE00065 | AK66: PIE00065Speaker CM-30Loa CM-30RolandCM-30RolandLoa CM-30 | AM66: 23 | AO66: Speaker CM-30 | AP66: Đã kiểm kê 21/11/2025 | AS66: 65 | AZ66: OQC | BD66: 46036.382 | BF66: Jig_Equipment picture/PIE00065.jpg | BH66: Đúng | BK66: Cố định | BL66: 3 | BN66: *** | BO66: ;*** | BS66: Đã kiểm kê | BT66: 45982 | BU66: Cần phải kiểm kê
A67: PIE00066 | B67: Speaker CM-30 | C67: Loa CM-30 | D67: Roland | E67: CM-30 | H67: Roland | J67: Loa CM-30 | K67: No Need | N67: - | P67: No need | S67: - | T67: 1 | U67: Normal | V67: 51334 | X67: Roland | AB67: EQ | AC67: PIE00066 | AF67: \\vnad\common\PIE\PIE STAFF 04 (Mr. Hoang)\2. Files, documents\File thiết bị\Hình ảnh\PIE00066.jpg | AG67: PIE00066 | AK67: PIE00066Speaker CM-30Loa CM-30RolandCM-30RolandLoa CM-30 | AM67: 23 | AO67: Speaker CM-30 | AP67: Đã kiểm kê 21/11/2025 | AS67: 66 | AZ67: OQC | BD67: 46036.382 | BF67: Jig_Equipment picture/PIE00066.jpg | BH67: Đúng | BK67: Cố định | BL67: 3 | BN67: *** | BS67: Đã kiểm kê | BT67: 45982 | BU67: Cần phải kiểm kê
A68: PIE00067 | B68: Speaker CM-30 | C68: Loa CM-30 dùng cho sản xuất | D68: Roland | E68: CM-30 | H68: Roland | J68: Loa CM-30 | K68: No Need | N68: - | P68: No need | S68: - | T68: 1 | U68: Normal | V68: 51336 | X68: Roland | AB68: EQ | AC68: PIE00067 | AF68: \\vnad\common\PIE\PIE STAFF 04 (Mr. Hoang)\2. Files, documents\File thiết bị\Hình ảnh\PIE00067.jpg | AG68: PIE00067 | AK68: PIE00067Speaker CM-30Loa CM-30 dùng cho sản xuấtRolandCM-30RolandLoa CM-30 | AM68: 23 | AO68: Speaker CM-30 | AP68: Đã kiểm kê 03/07/2026 | AS68: 67 | AU68: Chưa trả | AV68: 46206.37 | AW68: 46199.796 | AX68: 1526 | AY68: Nguyễn Thành Nam - PIE | AZ68: Line 11 | BD68: 46206.371 | BE68: Bình thường | BF68: Jig_Equipment picture/PIE00067.jpg | BH68: Đúng | BL68: 20 | BN68: Chưa trả***03/07/2026 08:52:54: 1526_Nguyễn Thành Nam - PIE_Line 11 | BO68: ;Chưa trả***15/10/2025 13:33:26: -__-;Chưa trả***15/10/2025 13:33:26: 1526_Nguyễn Thành Nam - PIE_Line 12;Chưa trả***23/10/2025 10:30:50: -__-;Chưa trả***23/10/2025 10:30:50: 813_Phạm Đức Trung - PIE_Line 14;Đã nhận***18/12/2025 19:46:16;Chưa trả***19/12/2025 13:15:00: 1525_Nguyễn Long Định - PIE_Line 10;Chưa trả***19/12/2025 13:15:01: 1525_Nguyễn Long Định - PIE_Line 10;Đã nhận***21/01/2026 16:00:27;Chưa trả***22/01/2026 10:31:54: 1276_Nguyễn Hải Văn - PIE_Line 7;Đã nhận***23/02/2026 16:24:25;Chưa trả***27/02/2026 15:41:52: 1276_Nguyễn Hải Văn - PIE_Line 13;Đã nhận***20/04/2026 13:53:26;Chưa trả***24/04/2026 11:15:56: 1276_Nguyễn Hải Văn - PIE_Line 14;Đã nhận***19/05/2026 11:21:27;Chưa trả***23/05/2026 18:53:48: 1276_Nguyễn Hải Văn - PIE_Line 14;Đã nhận***05/06/2026 18:53:41;Chưa trả***09/06/2026 14:15:29: 1526_Nguyễn Thành Nam - PIE_Line 12;Đã nhận***26/06/2026 19:06:33;Chưa trả***03/07/2026 08:52:54: 1526_Nguyễn Thành Nam - PIE_Line 11 | BS68: Đã kiểm kê | BT68: 46206 | BU68: Trong thời hạn kiểm kê
A69: PIE00068 | B69: Speaker CM-30 | C69: Loa CM-30 dùng cho sản xuất | D69: Roland | E69: CM-30 | H69: Roland | J69: Loa CM-30 | K69: No Need | N69: - | P69: No need | S69: - | T69: 1 | U69: Normal | V69: 51340 | X69: Roland | AB69: EQ | AC69: PIE00068 | AF69: \\vnad\common\PIE\PIE STAFF 04 (Mr. Hoang)\2. Files, documents\File thiết bị\Hình ảnh\PIE00068.jpg | AG69: PIE00068 | AK69: PIE00068Speaker CM-30Loa CM-30 dùng cho sản xuấtRolandCM-30RolandLoa CM-30 | AM69: 23 | AO69: Speaker CM-30 | AP69: Đã kiểm kê 25/08/2026 | AS69: 68 | AU69: Chưa trả | AV69: 46259.651 | AW69: 46216.443 | AX69: 1526 | AY69: Nguyễn Thành Nam - PIE | AZ69: Line 12 | BD69: 46259.652 | BE69: Bình thường | BF69: Jig_Equipment picture/PIE00068.jpg | BH69: Đúng | BL69: 20 | BN69: Chưa trả***25/08/2026 15:36:51: 1526_Nguyễn Thành Nam - PIE_Line 12 | BO69: ;Chưa trả***07/10/2025 13:26:02: 1660_Trịnh Trung Tuyến - PIE_Line 12;Chưa trả***03/11/2025 10:29:57: -__-;Chưa trả***03/11/2025 10:29:57: 1660_Trịnh Trung Tuyến - PIE_Line 1;Chưa trả***10/11/2025 14:49:22: -__-;Chưa trả***10/11/2025 14:49:22: 1276_Nguyễn Hải Văn - PIE_MI;Đã nhận***25/03/2026 14:34:27;Chưa trả***25/03/2026 17:29:07: 1526_Nguyễn Thành Nam - PIE_Line 5;Đã nhận***26/03/2026 13:43:50;Đã nhận***26/03/2026 13:43:25;Chưa trả***27/03/2026 09:16:26: 1526_Nguyễn Thành Nam - PIE_MI;Đã nhận***27/03/2026 09:16:41;Chưa trả***30/03/2026 18:00:17: 1526_Nguyễn Thành Nam - PIE_Line 13;Đã nhận***14/04/2026 14:10:59;Đã nhận***14/04/2026 14:11:00;Chưa trả***28/04/2026 16:09:38: 1526_Nguyễn Thành Nam - PIE_Line 12;Đã nhận***09/05/2026 13:05:26;Chưa trả***12/05/2026 13:30:50: 1526_Nguyễn Thành Nam - PIE_Line 11;Đã nhận***20/05/2026 15:14:17;Đã nhận***13/06/2026 15:17:23;Chưa trả***19/06/2026 13:21:10: 1526_Nguyễn Thành Nam - PIE_Line 11;Đã nhận***26/06/2026 19:30:38;Chưa trả***01/07/2026 15:04:57: 1526_Nguyễn Thành Nam - PIE_Line 13;Đã nhận***13/07/2026 10:37:38;Chưa trả***25/08/2026 15:36:51: 1526_Nguyễn Thành Nam - PIE_Line 12 | BS69: Đã kiểm kê | BT69: 46259 | BU69: Trong thời hạn kiểm kê
A70: PIE00069 | B70: Speaker CM-30 | C70: Loa CM-30 dùng cho sản xuất | D70: Roland | E70: CM-30 | H70: Roland | J70: Loa CM-30 | K70: No Need | N70: - | P70: No need | S70: - | T70: 1 | U70: Normal | V70: 51306 | X70: Roland | AB70: EQ | AC70: PIE00069 | AF70: \\vnad\common\PIE\PIE STAFF 04 (Mr. Hoang)\2. Files, documents\File thiết bị\Hình ảnh\PIE00069.jpg | AG70: PIE00069 | AK70: PIE00069Speaker CM-30Loa CM-30 dùng cho sản xuấtRolandCM-30RolandLoa CM-30 | AM70: 23 | AO70: Speaker CM-30 | AP70: Đã kiểm kê 13/08/2026 | AS70: 69 | AU70: Chưa trả | AV70: 46247.431 | AW70: 46244.789 | AX70: 1526 | AY70: Nguyễn Thành Nam - PIE | AZ70: Line 12 | BD70: 46247.432 | BE70: Bình thường | BF70: Jig_Equipment picture/PIE00069.jpg | BH70: Đúng | BL70: 20 | BN70: Chưa trả***13/08/2026 10:20:37: 1526_Nguyễn Thành Nam - PIE_Line 12 | BO70: ;Chưa trả***08/10/2025 10:44:37: 1526_Nguyễn Thành Nam - PIE_Line 11;Chưa trả***08/10/2025 10:44:37: 1660_Trịnh Trung Tuyến - PIE_Line 11;Chưa trả***15/10/2025 13:34:14: -__-;Chưa trả***15/10/2025 13:34:14: 11526__Line 12;Chưa trả***24/11/2025 14:00:33: 11526__Line 12;Chưa trả***24/11/2025 14:00:33: 1660_Trịnh Trung Tuyến - PIE_Line 12;Đã nhận***15/12/2025 14:09:24;Đã nhận***16/12/2025 09:35:15;Chưa trả***16/12/2025 11:56:21: Nam__Line 3;Đã nhận***18/12/2025 13:56:57;Đã nhận***18/12/2025 13:56:58;Đã nhận***18/12/2025 13:57:00;Chưa trả***19/12/2025 13:15:02: 1525_Nguyễn Long Định - PIE_Line 10;Đã nhận***03/02/2026 18:06:08;Chưa trả***05/02/2026 11:07:47: 1526_Nguyễn Thành Nam - PIE_Line 12;Chưa trả***27/02/2026 15:41:52: 1276_Nguyễn Hải Văn - PIE_Line 13;Đã nhận***04/04/2026 10:34:12;Chưa trả***28/04/2026 16:09:38: 1526_Nguyễn Thành Nam - PIE_Line 12;Đã nhận***09/05/2026 13:05:26;Chưa trả***14/05/2026 16:31:24: 1526_Nguyễn Thành Nam - PIE_Line 13;Đã nhận***18/05/2026 09:43:30;Chưa trả***22/05/2026 10:46:30: 813_Phạm Đức Trung - PIE_Line 11;Đã nhận***13/06/2026 15:17:23;Chưa trả***16/06/2026 13:02:09: 1526_Nguyễn Thành Nam - PIE_Line 13;Đã nhận***27/06/2026 14:05:58;Chưa trả***30/06/2026 15:21:13: 1276_Nguyễn Hải Văn - PIE_Line 12;Đã nhận***10/08/2026 18:56:21;Chưa trả***13/08/2026 10:20:37: 1526_Nguyễn Thành Nam - PIE_Line 12 | BS70: Đã kiểm kê | BT70: 46247 | BU70: Trong thời hạn kiểm kê
A71: PIE00070 | B71: Speaker CM-30 | C71: Loa CM-30 dùng cho sản xuất | D71: Roland | E71: CM-30 | H71: Roland | J71: Loa CM-30 | K71: No Need | N71: - | P71: No need | S71: - | T71: 1 | U71: Normal | V71: 51080 | X71: Roland | AB71: EQ | AC71: PIE00070 | AF71: \\vnad\common\PIE\PIE STAFF 04 (Mr. Hoang)\2. Files, documents\File thiết bị\Hình ảnh\PIE00070.jpg | AG71: PIE00070 | AK71: PIE00070Speaker CM-30Loa CM-30 dùng cho sản xuấtRolandCM-30RolandLoa CM-30 | AM71: 23 | AO71: Speaker CM-30 | AP71: Đã kiểm kê 05/09/2026 | AS71: 70 | AU71: Đã nhận | AV71: 46269.379 | AW71: 46270.803 | AX71: - | AZ71: JIG | BD71: 46270.804 | BE71: Bình thường | BF71: Jig_Equipment picture/PIE00070.jpg | BH71: Đúng | BL71: 20 | BN71: Đã nhận***05/09/2026 19:16:19 | BO71: ;Chưa trả***03/11/2025 08:47:49: -__-;Chưa trả***03/11/2025 08:47:49: 1660_Trịnh Trung Tuyến - PIE_Line 11;Đã nhận***18/12/2025 19:46:16;Chưa trả***19/12/2025 13:15:01: 1525_Nguyễn Long Định - PIE_Line 10;Đã nhận***21/01/2026 16:00:25;Đã nhận***12/02/2026 09:30:43;Chưa trả***26/02/2026 08:41:40: 1526_Nguyễn Thành Nam - PIE_Line 12;Đã nhận***20/05/2026 15:14:17;Chưa trả***23/05/2026 18:53:48: 1276_Nguyễn Hải Văn - PIE_Line 14;Đã nhận***05/06/2026 18:53:41;Chưa trả***10/07/2026 09:33:51: 1526_Nguyễn Thành Nam - PIE_Line 14;Đã nhận***26/08/2026 11:27:29;Chưa trả***04/09/2026 09:05:35: 1526_Nguyễn Thành Nam - PIE_Line 14;Đã nhận***05/09/2026 19:16:19 | BS71: Đã kiểm kê | BT71: 46270 | BU71: Trong thời hạn kiểm kê
A72: PIE00071 | B72: Speaker CM-30 | C72: Loa CM-30 dùng cho sản xuất | D72: Roland | E72: CM-30 | H72: Roland | J72: Loa CM-30 | K72: No Need | N72: - | P72: No need | S72: - | T72: 1 | U72: Normal | V72: 51300 | X72: Roland | AB72: EQ | AC72: PIE00071 | AF72: \\vnad\common\PIE\PIE STAFF 04 (Mr. Hoang)\2. Files, documents\File thiết bị\Hình ảnh\PIE00071.jpg | AG72: PIE00071 | AK72: PIE00071Speaker CM-30Loa CM-30 dùng cho sản xuấtRolandCM-30RolandLoa CM-30 | AM72: 23 | AO72: Speaker CM-30 | AP72: Đã kiểm kê 06/11/2025 | AS72: 71 | AU72: Chưa trả | AV72: 45964.366 | AW72: 45958.612 | AX72: 1660 | AY72: Trịnh Trung Tuyến - PIE | AZ72: MI | BD72: 45966.585 | BE72: Bình thường | BF72: Jig_Equipment picture/PIE00071.jpg | BH72: Đúng | BL72: 20 | BN72: Chưa trả***03/11/2025 08:47:21: 1660_Trịnh Trung Tuyến - PIE_MI | BO72: ;Chưa trả***03/11/2025 08:47:21: -__-;Chưa trả***03/11/2025 08:47:21: 1660_Trịnh Trung Tuyến - PIE_Line 11;Chưa trả***03/11/2025 08:47:21: 1660_Trịnh Trung Tuyến - PIE_MI | BS72: Đã kiểm kê | BT72: 45967 | BU72: Cần phải kiểm kê
A73: PIE00072 | B73: Speaker CM-30 | C73: Loa CM-30 dùng cho sản xuất | D73: Roland | E73: CM-30 | H73: Roland | J73: Loa CM-30 | K73: No Need | N73: - | P73: No need | S73: - | T73: 1 | U73: Normal | V73: 51307 | X73: Roland | AB73: EQ | AC73: PIE00072 | AF73: \\vnad\common\PIE\PIE STAFF 04 (Mr. Hoang)\2. Files, documents\File thiết bị\Hình ảnh\PIE00072.jpg | AG73: PIE00072 | AK73: PIE00072Speaker CM-30Loa CM-30 dùng cho sản xuấtRolandCM-30RolandLoa CM-30 | AM73: 23 | AO73: Speaker CM-30 | AP73: Đã kiểm kê 22/08/2026 | AS73: 72 | AU73: Chưa trả | AV73: 46256.406 | AW73: 46253.399 | AX73: 1526 | AY73: Nguyễn Thành Nam - PIE | AZ73: Line 14 | BD73: 46256.407 | BE73: Bình thường | BF73: Jig_Equipment picture/PIE00072.jpg | BH73: Đúng | BL73: 20 | BN73: Chưa trả***22/08/2026 09:44:57: 1526_Nguyễn Thành Nam - PIE_Line 14 | BO73: ;***;Chưa trả***12/12/2025 08:21:20: -__Jig;Chưa trả***12/12/2025 08:21:20: 1526_Nguyễn Thành Nam - PIE_Line 13;Đã nhận***23/12/2025 16:19:48;Chưa trả***25/12/2025 14:17:26: 1526_Nguyễn Thành Nam - PIE_Line 12;Đã nhận***26/12/2025 13:23:27;Chưa trả***02/01/2026 08:06:54: 1526_Nguyễn Thành Nam - PIE_Line 13;Đã nhận***23/02/2026 16:24:24;Chưa trả***27/02/2026 15:41:53: 1276_Nguyễn Hải Văn - PIE_Line 13;Đã nhận***09/05/2026 13:05:25;Chưa trả***10/06/2026 10:25:47: 1276_Nguyễn Hải Văn - PIE_Line 14;Đã nhận***25/07/2026 18:47:41;Chưa trả***13/08/2026 10:20:37: 1526_Nguyễn Thành Nam - PIE_Line 12;Đã nhận***19/08/2026 09:34:57;Chưa trả***22/08/2026 09:44:57: 1526_Nguyễn Thành Nam - PIE_Line 14 | BS73: Đã kiểm kê | BT73: 46256 | BU73: Trong thời hạn kiểm kê
A74: PIE00073 | B74: Speaker CM-30 | C74: Loa CM-30 dùng cho sản xuất | D74: Roland | E74: CM-30 | H74: Roland | J74: Loa CM-30 | K74: No Need | N74: - | P74: No need | S74: - | T74: 1 | U74: Normal | V74: 51081 | X74: Roland | AB74: EQ | AC74: PIE00073 | AF74: \\vnad\common\PIE\PIE STAFF 04 (Mr. Hoang)\2. Files, documents\File thiết bị\Hình ảnh\PIE00073.jpg | AG74: PIE00073 | AK74: PIE00073Speaker CM-30Loa CM-30 dùng cho sản xuấtRolandCM-30RolandLoa CM-30 | AM74: 23 | AO74: Speaker CM-30 | AP74: Đã kiểm kê 07/08/2026 | AS74: 73 | AU74: Đã nhận | AV74: 46230.809 | AW74: 46241.607 | AX74: - | AZ74: JIG | BD74: 46241.61 | BE74: Bình thường | BF74: Jig_Equipment picture/PIE00073.jpg | BH74: Đúng | BL74: 20 | BM74: 45876.434652777774 | BN74: Đã nhận***07/08/2026 14:33:23 | BO74: ;Đã nhận***29/09/2025 09:48:50: 1660_Trịnh Trung Tuyến - PIE_Line 12;Chưa trả***04/10/2025 08:20:04: 1660_Trịnh Trung Tuyến - PIE_Line 12;Chưa trả***04/10/2025 08:20:04: 837_Chu Tiến Dũng - PIE_Line 11;Chưa trả***04/10/2025 08:20:04: 837_Chu Tiến Dũng - PIE_MI;Chưa trả***04/10/2025 08:20:04: 837_Chu Tiến Dũng - PIE_Line 12;Đã nhận***22/12/2025 13:35:19;Chưa trả***23/12/2025 08:18:14: 1660_Trịnh Trung Tuyến - PIE_Line 7;Đã nhận***24/12/2025 15:18:42;Chưa trả***25/12/2025 14:17:26: 1526_Nguyễn Thành Nam - PIE_Line 12;Đã nhận***26/12/2025 13:23:27;Chưa trả***06/01/2026 15:37:55: 1526_Nguyễn Thành Nam - PIE_Line 7;Đã nhận***13/01/2026 16:56:42;Chưa trả***16/01/2026 16:50:44: 1526_Nguyễn Thành Nam - PIE_Line 14;Chưa trả***26/02/2026 08:41:41: 1526_Nguyễn Thành Nam - PIE_Line 12;Đã nhận***20/05/2026 15:14:17;Chưa trả***10/07/2026 09:33:48: 1526_Nguyễn Thành Nam - PIE_Line 14;Đã nhận***23/07/2026 11:43:30;Chưa trả***27/07/2026 19:24:37: 813_Phạm Đức Trung - PIE_Line 13;Đã nhận***01/08/2026 10:47:48;Đã nhận***07/08/2026 14:33:23 | BS74: Đã kiểm kê | BT74: 46241 | BU74: Trong thời hạn kiểm kê
A75: PIE00074 | B75: Speaker CM-30 | C75: Loa CM-30 dùng cho sản xuất | D75: Roland | E75: CM-30 | H75: Roland | J75: Loa CM-30 | K75: No Need | N75: - | P75: No need | S75: - | T75: 1 | U75: Normal | V75: 51327 | X75: Roland | AB75: EQ | AC75: PIE00074 | AF75: \\vnad\common\PIE\PIE STAFF 04 (Mr. Hoang)\2. Files, documents\File thiết bị\Hình ảnh\PIE00074.jpg | AG75: PIE00074 | AK75: PIE00074Speaker CM-30Loa CM-30 dùng cho sản xuấtRolandCM-30RolandLoa CM-30 | AM75: 23 | AO75: Speaker CM-30 | AP75: Đã kiểm kê 03/07/2026 | AS75: 74 | AU75: Chưa trả | AV75: 46206.37 | AW75: 46202.589 | AX75: 1526 | AY75: Nguyễn Thành Nam - PIE | AZ75: Line 11 | BD75: 46206.371 | BE75: Bình thường | BF75: Jig_Equipment picture/PIE00074.jpg | BH75: Đúng | BL75: 20 | BM75: 45929.41173611111 | BN75: Chưa trả***03/07/2026 08:52:55: 1526_Nguyễn Thành Nam - PIE_Line 11 | BO75: Đã nhận***29/09/2025 09:52:38: 813_Phạm Đức Trung - PIE_Line 12;Đã nhận***29/09/2025 09:52:40: 813_Phạm Đức Trung - PIE_Line 12;Đã nhận***29/09/2025 09:52:43: 813_Phạm Đức Trung - PIE_Line 12;Đã nhận***29/09/2025 09:52:44: 813_Phạm Đức Trung - PIE_Line 12;Đã nhận***29/09/2025 09:52:47: 813_Phạm Đức Trung - PIE_Line 12;Đã nhận***29/09/2025 09:52:50: 813_Phạm Đức Trung - PIE_Line 12;Đã nhận***29/09/2025 09:52:54: 813_Phạm Đức Trung - PIE_Line 12;Đã nhận***29/09/2025 09:52:57: 813_Phạm Đức Trung - PIE_Line 12;Chưa trả***01/10/2025 08:37:13: 813_Phạm Đức Trung - PIE_Line 12;Chưa trả***01/10/2025 08:37:13: 1660_Trịnh Trung Tuyến - PIE_Line 11;Chưa trả***03/11/2025 08:47:34: -__-;Chưa trả***03/11/2025 08:47:34: 1660_Trịnh Trung Tuyến - PIE_Line 11;Đã nhận***07/03/2026 16:45:03;Chưa trả***10/03/2026 13:11:19: 1526_Nguyễn Thành Nam - PIE_Line 6;Đã nhận***24/03/2026 18:09:09;Chưa trả***25/03/2026 17:29:07: 1526_Nguyễn Thành Nam - PIE_Line 5;Đã nhận***26/03/2026 13:43:50;Đã nhận***26/03/2026 13:43:24;Chưa trả***30/03/2026 18:00:17: 1526_Nguyễn Thành Nam - PIE_Line 13;Đã nhận***14/04/2026 14:10:59;Chưa trả***24/04/2026 11:15:55: 1276_Nguyễn Hải Văn - PIE_Line 14;Đã nhận***05/06/2026 12:57:03;Chưa trả***10/06/2026 10:25:47: 1276_Nguyễn Hải Văn - PIE_Line 14;Đã nhận***29/06/2026 14:08:01;Chưa trả***03/07/2026 08:52:55: 1526_Nguyễn Thành Nam - PIE_Line 11 | BS75: Đã kiểm kê | BT75: 46206 | BU75: Trong thời hạn kiểm kê
A76: PIE00075 | B76: Speaker CM-30 | C76: Loa CM-30 dùng cho sản xuất | D76: Roland | E76: CM-30 | H76: Roland | J76: Loa CM-30 | K76: No Need | N76: - | P76: No need | S76: - | T76: 1 | U76: Normal | V76: 51304 | X76: Roland | AB76: EQ | AC76: PIE00075 | AF76: \\vnad\common\PIE\PIE STAFF 04 (Mr. Hoang)\2. Files, documents\File thiết bị\Hình ảnh\PIE00075.jpg | AG76: PIE00075 | AK76: PIE00075Speaker CM-30Loa CM-30 dùng cho sản xuấtRolandCM-30RolandLoa CM-30 | AM76: 23 | AO76: Speaker CM-30 | AP76: Đã kiểm kê 25/08/2026 | AS76: 75 | AU76: Chưa trả | AV76: 46259.651 | AW76: 46228.783 | AX76: 1526 | AY76: Nguyễn Thành Nam - PIE | AZ76: Line 12 | BD76: 46259.651 | BE76: Bình thường | BF76: Jig_Equipment picture/PIE00075.jpg | BH76: Đúng | BL76: 20 | BM76: 45909.57879629629 | BN76: Chưa trả***25/08/2026 15:36:51: 1526_Nguyễn Thành Nam - PIE_Line 12 | BO76: ;Đã nhận***29/09/2025 09:51:34: 813_Phạm Đức Trung - PIE_Line 12;Chưa trả***01/10/2025 08:38:08: 813_Phạm Đức Trung - PIE_Line 12;Chưa trả***01/10/2025 08:38:08: 1660_Trịnh Trung Tuyến - PIE_Line 11;Chưa trả***23/10/2025 13:06:23: -__-;Chưa trả***23/10/2025 13:06:23: 1660_Trịnh Trung Tuyến - PIE_Line 12;Chưa trả***24/11/2025 14:00:44: 1660_Trịnh Trung Tuyến - PIE_Line 12;Đã nhận***15/12/2025 14:09:23;Đã nhận***16/12/2025 09:35:15;Chưa trả***16/12/2025 11:56:21: Nam__Line 3;Đã nhận***18/12/2025 13:56:57;Chưa trả***22/12/2025 13:35:58: 1525_Nguyễn Long Định - PIE_Line 10;Đã nhận***28/01/2026 16:31:09;Chưa trả***29/01/2026 15:14:07: 1526_Nguyễn Thành Nam - PIE_Line 12;Đã nhận***29/01/2026 19:44:17;Chưa trả***30/01/2026 09:37:47: 1660_Trịnh Trung Tuyến - PIE_Line 7;Đã nhận***09/02/2026 10:39:05;Chưa trả***09/02/2026 13:28:16: 1526_Nguyễn Thành Nam - PIE_Line 12;Đã nhận***09/05/2026 13:05:25;Chưa trả***12/06/2026 13:49:19: 1526_Nguyễn Thành Nam - PIE_Line 13;Đã nhận***25/07/2026 18:47:41;Chưa trả***25/08/2026 15:36:51: 1526_Nguyễn Thành Nam - PIE_Line 12 | BS76: Đã kiểm kê | BT76: 46259 | BU76: Trong thời hạn kiểm kê
A77: PIE00076 | B77: Speaker CM-30 | C77: Loa CM-30 dùng cho sản xuất | D77: Roland | E77: CM-30 | H77: Roland | J77: Loa CM-30 | K77: No Need | N77: - | P77: No need | S77: - | T77: 1 | U77: Normal | V77: 51329 | X77: Roland | AB77: EQ | AC77: PIE00076 | AF77: \\vnad\common\PIE\PIE STAFF 04 (Mr. Hoang)\2. Files, documents\File thiết bị\Hình ảnh\PIE00076.jpg | AG77: PIE00076 | AK77: PIE00076Speaker CM-30Loa CM-30 dùng cho sản xuấtRolandCM-30RolandLoa CM-30 | AM77: 23 | AO77: Speaker CM-30 | AP77: Đã kiểm kê 23/03/2026 | AS77: 76 | AU77: Chưa trả | AV77: 46104.757 | AW77: 46101.355 | AX77: 1526 | AY77: Nguyễn Thành Nam - PIE | AZ77: MSK | BD77: 46104.757 | BE77: Bình thường | BF77: Jig_Equipment picture/PIE00076.jpg | BH77: Đúng | BL77: 20 | BN77: Chưa trả***23/03/2026 18:09:44: 1526_Nguyễn Thành Nam - PIE_MSK | BO77: ;***;Đã nhận***23/12/2025 16:19:48;Chưa trả***02/01/2026 08:06:54: 1526_Nguyễn Thành Nam - PIE_Line 13;Đã nhận***21/01/2026 16:00:25;Chưa trả***22/01/2026 10:31:54: 1276_Nguyễn Hải Văn - PIE_Line 7;Đã nhận***12/02/2026 09:30:44;Chưa trả***26/02/2026 08:41:39: 1526_Nguyễn Thành Nam - PIE_Line 12;Đã nhận***20/03/2026 08:30:45;Chưa trả***23/03/2026 18:09:44: -__JIG;Chưa trả***23/03/2026 18:09:44: 1526_Nguyễn Thành Nam - PIE_MSK | BS77: Đã kiểm kê | BT77: 46104 | BU77: Trong thời hạn kiểm kê
A78: PIE00077 | N78: . | P78: No need | S78: - | T78: 1 | U78: Normal | AC78: PIE00077 | AF78: \\vnad\common\PIE\PIE STAFF 04 (Mr. Hoang)\2. Files, documents\File thiết bị\Hình ảnh\PIE00077.jpg | AG78: PIE00077 | AH78: .Hủy mã do không sử dụng | AK78: PIE00077PIE00077 | AL78: PIE00077 | AN78: Roland Loa DCB-LX Speaker Loa MPVN DCB-LX | AO78: - | AS78: 77 | AZ78: - | BE78: Hủy mã do không sử dụng | BF78: Jig_Equipment picture/PIE00077.jpg | BH78: Đúng | BL78: 0 | BU78: -
A79: PIE00078 | N79: . | P79: No need | S79: - | T79: 1 | U79: Normal | AC79: PIE00078 | AF79: \\vnad\common\PIE\PIE STAFF 04 (Mr. Hoang)\2. Files, documents\File thiết bị\Hình ảnh\PIE00078.jpg | AG79: PIE00078 | AH79: .Hủy mã do không sử dụng | AK79: PIE00078PIE00078 | AL79: PIE00078 | AN79: Roland Loa D-CUBE LX Speaker Loa MPVN D-CUBE LX | AO79: - | AS79: 78 | AZ79: - | BE79: Hủy mã do không sử dụng | BF79: Jig_Equipment picture/PIE00078.jpg | BH79: Đúng | BL79: 0 | BU79: -
A80: PIE00079 | B80: DB-90 | C80: DB-90 | D80: MPVN | E80: DB-90 | H80: Roland | J80: Mẫu DB-90 | K80: No Need | N80: - | P80: No need | S80: - | T80: 1 | U80: Normal | X80: MPVN | AB80: SA | AC80: PIE00079 | AF80: \\vnad\common\PIE\PIE STAFF 04 (Mr. Hoang)\2. Files, documents\File thiết bị\Hình ảnh\PIE00079.jpg | AG80: PIE00079 | AK80: PIE00079DB-90DB-90MPVNDB-90RolandMẫu DB-90 | AM80: 23 | AO80: DB-90 | AS80: 79 | AZ80: - | BE80: Bình thường | BF80: Jig_Equipment picture/PIE00079.jpg | BH80: Đúng | BL80: 7 | BU80: Cần phải kiểm kê
A81: PIE00080 | B81: Speaker/Microphone auto polarity tester | C81: Máy phân cực | D81: Rek | E81: RK5991N | F81: 5991N230731071 | H81: Roland | J81: Máy phân cực | K81: External | L81: 46157 | M81: 46522 | N81: Còn hiệu lực hiệu chuẩn | P81: No need | S81: - | T81: 1 | U81: Normal | V81: 51022 | X81: TS | AB81: EQ | AC81: PIE00080 | AF81: \\vnad\common\PIE\PIE STAFF 04 (Mr. Hoang)\2. Files, documents\File thiết bị\Hình ảnh\PIE00080.jpg | AG81: PIE00080 | AK81: PIE00080Speaker/Microphone auto polarity testerMáy phân cựcRekRK5991N5991N230731071RolandMáy phân cực | AM81: 23 | AO81: Speaker/Microphone auto polarity tester | AP81: Đã kiểm kê 02/04/2026 | AS81: 80 | AU81: Đã nhận | AV81: 46114.653 | AW81: 46114.653 | AX81: - | AZ81: JIG | BD81: 46158.685 | BE81: Bình thường | BF81: Jig_Equipment picture/PIE00080.jpg | BH81: Đúng | BI81: [{"provider":"github","fileId":"","path":"Calibration_reports/2026/08/PIE00080/229/115057326_26271ad0_TSG-654548.pdf","sha":"4ed8530f61e8f14d483a21745117a8d4b5c67606","name":"TSG-654548.pdf","mimeType":"application/pdf","size":1288806,"url":"https://github.com/phunghuyhoangdaniel/MPVNEquipmentCalibration/blob/main/Calibration_reports/2026/08/PIE00080/229/115057326_26271ad0_TSG-654548.pdf","downloadUrl":"https://raw.githubusercontent.com/phunghuyhoangdaniel/MPVNEquipmentCalibration/main/Calibration_reports/2026/08/PIE00080/229/115057326_26271ad0_TSG-654548.pdf","repo":"phunghuyhoangdaniel/MPVNEquipmentCalibration","branch":"main"}] | BL81: 4 | BN81: Đã nhận***02/04/2026 15:40:47 | BO81: ;Chưa trả***26/09/2025 13:50:21: 1276_Nguyễn Hải Văn - PIE_JIG;Chưa trả***17/11/2025 08:49:17: 1526_Nguyễn Thành Nam - PIE_Line 1;Đã nhận***16/12/2025 09:35:17;Chưa trả***19/12/2025 13:15:02: 1525_Nguyễn Long Định - PIE_Line 10;Đã nhận***03/02/2026 18:06:09;Đã nhận***10/03/2026 11:18:11;Chưa trả***01/04/2026 08:25:19: Cường Qe__OQC;Đã nhận***01/04/2026 11:04:35;Chưa trả***02/04/2026 15:40:39: 1276_Nguyễn Hải Văn - PIE_Line 14;Đã nhận***02/04/2026 15:40:47 | BQ81: 05/16/2026 16:26:58 : External 05/15/2026 - 05/15/2027 _ _ | BR81: ;05/16/2026 16:26:42 : External 05/15/2026 - 05/24/2026 _ _;05/16/2026 16:26:58 : External 05/15/2026 - 05/15/2027 _ _ | BS81: Đã kiểm kê | BT81: 46114 | BU81: Trong thời hạn kiểm kê
A82: PIE00081 | B82: Speaker/Microphone auto polarity tester | C82: Máy phân cực | D82: Rek | E82: RK5991N | F82: 5991N230731067 | H82: Roland | K82: External | L82: 46157 | M82: 46522 | N82: Còn hiệu lực hiệu chuẩn | P82: No need | S82: - | T82: 1 | U82: Normal | V82: 51021 | X82: TS | AB82: EQ | AC82: PIE00081 | AF82: \\vnad\common\PIE\PIE STAFF 04 (Mr. Hoang)\2. Files, documents\File thiết bị\Hình ảnh\PIE00081.jpg | AG82: PIE00081 | AK82: PIE00081Speaker/Microphone auto polarity testerMáy phân cựcRekRK5991N5991N230731067Roland | AM82: 23 | AO82: Speaker/Microphone auto polarity tester | AP82: Đã kiểm kê 29/08/2026 | AS82: 81 | AU82: Đã nhận | AV82: 46253.676 | AW82: 46263.732 | AX82: - | AZ82: JIG | BD82: 46263.733 | BE82: Bình thường | BF82: Jig_Equipment picture/PIE00081.jpg | BH82: Đúng | BI82: [{"provider":"github","fileId":"","path":"Calibration_reports/2026/08/PIE00081/231/115051585_9ce1c849_TSG-654547.pdf","sha":"4a4910dc5a1507836f754890f81c7ef13fe97c17","name":"TSG-654547.pdf","mimeType":"application/pdf","size":1290292,"url":"https://github.com/phunghuyhoangdaniel/MPVNEquipmentCalibration/blob/main/Calibration_reports/2026/08/PIE00081/231/115051585_9ce1c849_TSG-654547.pdf","downloadUrl":"https://raw.githubusercontent.com/phunghuyhoangdaniel/MPVNEquipmentCalibration/main/Calibration_reports/2026/08/PIE00081/231/115051585_9ce1c849_TSG-654547.pdf","repo":"phunghuyhoangdaniel/MPVNEquipmentCalibration","branch":"main"}] | BL82: 4 | BN82: Đã nhận***29/08/2026 17:34:42 | BO82: ;Chưa trả***17/11/2025 11:38:07: 1660_Trịnh Trung Tuyến - PIE_Line 12;Đã nhận***16/12/2025 09:35:16;Chưa trả***22/12/2025 13:35:58: 1525_Nguyễn Long Định - PIE_Line 10;Đã nhận***08/01/2026 08:06:02;Chưa trả***16/01/2026 16:50:41: 1526_Nguyễn Thành Nam - PIE_Line 11;Đã nhận***21/01/2026 16:00:24;Đã nhận***12/02/2026 09:30:41;Đã nhận***12/05/2026 19:46:56;Đã nhận***05/06/2026 12:57:01;Chưa trả***19/06/2026 13:21:10: 1526_Nguyễn Thành Nam - PIE_Line 11;Đã nhận***26/06/2026 19:06:33;Chưa trả***10/07/2026 11:11:55: 1276_Nguyễn Hải Văn - PIE_Line 14;Đã nhận***03/08/2026 09:43:28;Chưa trả***19/08/2026 16:13:55: 1526_Nguyễn Thành Nam - PIE_Line 11;Đã nhận***29/08/2026 17:27:10;Đã nhận***29/08/2026 17:34:42 | BQ82: 05/16/2026 16:26:30 : External 05/15/2026 - 05/15/2027 _ _ | BR82: ;05/16/2026 16:26:18 : External 05/15/2026 - 05/24/2026 _ _;05/16/2026 16:26:30 : External 05/15/2026 - 05/15/2027 _ _ | BS82: Đã kiểm kê | BT82: 46263 | BU82: Trong thời hạn kiểm kê
A83: PIE00082 | B83: Footswitch FS-5U | C83: Bàn đạp FS-5U dùng cho sản xuất | D83: BOSS | E83: FS-5U | F83: S2B0650 | G83: CUS0681 | H83: Roland | K83: No Need | N83: - | P83: No need | S83: - | T83: 1 | U83: Normal | X83: Roland | AB83: EQ | AC83: PIE00082 | AF83: \\vnad\common\PIE\PIE STAFF 04 (Mr. Hoang)\2. Files, documents\File thiết bị\Hình ảnh\PIE00082.jpg | AG83: PIE00082 | AK83: PIE00082Footswitch FS-5UBàn đạp FS-5U dùng cho sản xuấtBOSSFS-5US2B0650CUS0681Roland | AM83: 23 | AO83: Footswitch FS-5U | AP83: Đã kiểm kê 31/07/2026 | AS83: 82 | AU83: Đã nhận | AW83: 46234.387 | AX83: - | AZ83: JIG | BD83: 46234.388 | BE83: Bình thường | BF83: Jig_Equipment picture/PIE00082.jpg | BH83: Đúng | BL83: 7 | BN83: Đã nhận***31/07/2026 09:17:40 | BO83: ;***;Đã nhận***31/07/2026 09:17:40 | BS83: Đã kiểm kê | BT83: 46234 | BU83: Trong thời hạn kiểm kê
A84: PIE00083 | B84: Footswitch FS-5U | C84: Bàn đạp FS-5U dùng cho sản xuất | D84: BOSS | E84: FS-5U | F84: S2B0650 | G84: CUS0682 | H84: Roland | K84: No Need | N84: - | P84: No need | S84: - | T84: 1 | U84: Normal | X84: Roland | AB84: EQ | AC84: PIE00083 | AF84: \\vnad\common\PIE\PIE STAFF 04 (Mr. Hoang)\2. Files, documents\File thiết bị\Hình ảnh\PIE00083.jpg | AG84: PIE00083 | AK84: PIE00083Footswitch FS-5UBàn đạp FS-5U dùng cho sản xuấtBOSSFS-5US2B0650CUS0682Roland | AM84: 23 | AO84: Footswitch FS-5U | AP84: Đã kiểm kê 31/07/2026 | AS84: 83 | AU84: Đã nhận | AV84: 45848.35 | AW84: 46234.387 | AX84: - | AZ84: JIG | BD84: 46234.388 | BE84: Bình thường | BF84: Jig_Equipment picture/PIE00083.jpg | BH84: Đúng | BL84: 7 | BN84: Đã nhận***31/07/2026 09:17:40 | BO84: ;Đã nhận***31/07/2026 09:17:40 | BS84: Đã kiểm kê | BT84: 46234 | BU84: Trong thời hạn kiểm kê
A85: PIE00084 | B85: Footswitch FS-5U | C85: Bàn đạp FS-5U dùng cho sản xuất | D85: BOSS | E85: FS-5U | F85: S2B0650 | G85: CUS0726 | H85: Roland | K85: No Need | N85: - | P85: No need | S85: - | T85: 1 | U85: Normal | X85: Roland | AB85: EQ | AC85: PIE00084 | AF85: \\vnad\common\PIE\PIE STAFF 04 (Mr. Hoang)\2. Files, documents\File thiết bị\Hình ảnh\PIE00084.jpg | AG85: PIE00084 | AK85: PIE00084Footswitch FS-5UBàn đạp FS-5U dùng cho sản xuấtBOSSFS-5US2B0650CUS0726Roland | AM85: 23 | AO85: Footswitch FS-5U | AP85: Đã kiểm kê 06/11/2025 | AS85: 84 | AU85: Đã nhận | AW85: 45852.74 | AX85: - | AZ85: - | BD85: 46078.668 | BE85: Bình thường | BF85: Jig_Equipment picture/PIE00084.jpg | BH85: Đúng | BL85: 7 | BN85: Đã nhận***14/07/2025 17:45:43 | BS85: Đã kiểm kê | BT85: 45967 | BU85: Cần phải kiểm kê
A86: PIE00085 | B86: Footswitch FS-5U | C86: Bàn đạp FS-5U dùng cho sản xuất | D86: BOSS | E86: FS-5U | F86: S2B0650 | G86: CUS0715 | H86: Roland | K86: No Need | N86: - | P86: No need | S86: - | T86: 1 | U86: Normal | X86: Roland | AB86: EQ | AC86: PIE00085 | AF86: \\vnad\common\PIE\PIE STAFF 04 (Mr. Hoang)\2. Files, documents\File thiết bị\Hình ảnh\PIE00085.jpg | AG86: PIE00085 | AK86: PIE00085Footswitch FS-5UBàn đạp FS-5U dùng cho sản xuấtBOSSFS-5US2B0650CUS0715Roland | AM86: 23 | AO86: Footswitch FS-5U | AP86: Đã kiểm kê 29/07/2026 | AS86: 85 | AU86: Đã nhận | AV86: 46232.359 | AW86: 46232.742 | AX86: - | AZ86: JIG | BD86: 46232.743 | BE86: Bình thường | BF86: Jig_Equipment picture/PIE00085.jpg | BH86: Đúng | BL86: 7 | BN86: Đã nhận***29/07/2026 17:48:56 | BO86: ;***;Chưa trả***29/07/2026 08:37:29: 1719_Hoàng Minh Trọng - Engineering_ENG;Đã nhận***29/07/2026 17:48:56 | BS86: Đã kiểm kê | BT86: 46232 | BU86: Trong thời hạn kiểm kê
A87: PIE00086 | B87: Footswitch FS-5U | C87: Bàn đạp FS-5U dùng cho sản xuất | D87: BOSS | E87: FS-5U | F87: S2B0650 | G87: CUS0712 | H87: Roland | K87: No Need | N87: - | P87: No need | S87: - | T87: 1 | U87: Normal | X87: Roland | AB87: EQ | AC87: PIE00086 | AF87: \\vnad\common\PIE\PIE STAFF 04 (Mr. Hoang)\2. Files, documents\File thiết bị\Hình ảnh\PIE00086.jpg | AG87: PIE00086 | AK87: PIE00086Footswitch FS-5UBàn đạp FS-5U dùng cho sản xuấtBOSSFS-5US2B0650CUS0712Roland | AM87: 23 | AO87: Footswitch FS-5U | AP87: Đã kiểm kê 06/11/2025 | AS87: 86 | AU87: Chưa trả | AV87: 45864.343 | AX87: 500 | AY87: Đoàn Thị Quyên - FA | AZ87: JIG | BD87: 46078.668 | BE87: Bình thường | BF87: Jig_Equipment picture/PIE00086.jpg | BH87: Đúng | BL87: 7 | BN87: Chưa trả***26/07/2025 08:13:28: 500_Đoàn Thị Quyên - FA_JIG | BO87: ;Chưa trả***26/07/2025 08:13:28: 500_Đoàn Thị Quyên - FA_JIG | BS87: Đã kiểm kê | BT87: 45967 | BU87: Cần phải kiểm kê
A88: PIE00087 | B88: Loop pedal RC-3 | C88: Bàn đạp vòng lặp RC-3 dùng cho sản xuất | D88: BOSS | E88: RC-3 | F88: Y8H7087 | G88: CUS0987 | H88: Roland | J88: RC-3 | K88: No Need | N88: - | P88: No need | S88: - | T88: 1 | U88: Normal | V88: 51331 | X88: Roland | AB88: EQ | AC88: PIE00087 | AF88: \\vnad\common\PIE\PIE STAFF 04 (Mr. Hoang)\2. Files, documents\File thiết bị\Hình ảnh\PIE00087.jpg | AG88: PIE00087 | AK88: PIE00087Loop pedal RC-3Bàn đạp vòng lặp RC-3 dùng cho sản xuấtBOSSRC-3Y8H7087CUS0987RolandRC-3 | AM88: 23 | AO88: Loop pedal RC-3 | AP88: Đã kiểm kê 09/05/2026 | AS88: 87 | AU88: Đã nhận | AV88: 46130.365 | AW88: 46151.41 | AX88: - | AZ88: JIG | BD88: 46151.414 | BE88: Bình thường | BF88: Jig_Equipment picture/PIE00087.jpg | BH88: Đúng | BL88: 7 | BN88: Đã nhận***09/05/2026 09:51:02 | BO88: ;Chưa trả***17/10/2025 15:39:47: 1660_Trịnh Trung Tuyến - PIE_Line 11;Chưa trả***17/11/2025 11:27:46: 1660_Trịnh Trung Tuyến - PIE_Line 12;Chưa trả***17/11/2025 11:38:04: 1660_Trịnh Trung Tuyến - PIE_Line 12;Chưa trả***04/12/2025 09:03:14: 1526_Nguyễn Thành Nam - PIE_Line 3;Chưa trả***16/01/2026 16:50:42: 1526_Nguyễn Thành Nam - PIE_Line 14;Đã nhận***21/01/2026 16:00:26;Chưa trả***22/01/2026 10:31:54: 1276_Nguyễn Hải Văn - PIE_Line 7;Đã nhận***24/01/2026 10:18:58;Chưa trả***14/03/2026 11:23:06: 1526_Nguyễn Thành Nam - PIE_Line 11;Đã nhận***27/03/2026 14:18:32;Chưa trả***18/04/2026 08:45:05: 1526_Nguyễn Thành Nam - PIE_Line 11;Đã nhận***20/04/2026 16:39:05;Đã nhận***09/05/2026 09:51:02 | BS88: Đã kiểm kê | BT88: 46151 | BU88: Trong thời hạn kiểm kê
A89: PIE00088 | B89: Loop pedal RC-3 | C89: Bàn đạp vòng lặp RC-3 dùng cho sản xuất | D89: BOSS | E89: RC-3 | F89: Y8H7080 | G89: CUS0981 | H89: Roland | J89: RC-3 | K89: No Need | N89: - | P89: No need | S89: - | T89: 1 | U89: Normal | V89: 51324 | X89: Roland | AB89: EQ | AC89: PIE00088 | AF89: \\vnad\common\PIE\PIE STAFF 04 (Mr. Hoang)\2. Files, documents\File thiết bị\Hình ảnh\PIE00088.jpg | AG89: PIE00088 | AK89: PIE00088Loop pedal RC-3Bàn đạp vòng lặp RC-3 dùng cho sản xuấtBOSSRC-3Y8H7080CUS0981RolandRC-3 | AM89: 23 | AO89: Loop pedal RC-3 | AP89: Đã kiểm kê 20/08/2026 | AS89: 88 | AU89: Đã nhận | AV89: 46232.574 | AW89: 46254.457 | AX89: - | AZ89: JIG | BD89: 46254.465 | BE89: Bình thường | BF89: Jig_Equipment picture/PIE00088.jpg | BH89: Đúng | BL89: 7 | BM89: 45926.59196759259 | BN89: Đã nhận***20/08/2026 10:58:06 | BO89: ;Chưa trả***26/09/2025 17:59:42: 1276_Nguyễn Hải Văn - PIE_Line 11;Chưa trả***26/09/2025 17:59:42: 1276_Nguyễn Hải Văn - PIE_Line 13;Đã nhận***29/09/2025 08:40:59: 1276_Nguyễn Hải Văn - PIE_Line 13;Chưa trả***20/10/2025 11:43:19: 1276_Nguyễn Hải Văn - PIE_Line 13;Chưa trả***20/10/2025 11:43:19: 1526_Nguyễn Thành Nam - PIE_Line 14;Chưa trả***31/10/2025 11:38:17: -__-;Chưa trả***31/10/2025 11:38:17: 1660_Trịnh Trung Tuyến - PIE_Line 14;Đã nhận***12/12/2025 16:52:16;Chưa trả***13/01/2026 14:33:21: 1660_Trịnh Trung Tuyến - PIE_Line 11;Đã nhận***23/01/2026 13:28:18;Đã nhận***23/01/2026 14:30:29;Chưa trả***04/03/2026 09:42:59: 1276_Nguyễn Hải Văn - PIE_Line 11;Đã nhận***04/03/2026 13:34:34;Đã nhận***04/03/2026 13:34:35;Chưa trả***14/03/2026 11:23:11: 1526_Nguyễn Thành Nam - PIE_Line 11;Đã nhận***17/03/2026 09:47:36;Chưa trả***19/03/2026 13:44:39: 813_Phạm Đức Trung - PIE_Line 11;Đã nhận***27/03/2026 14:18:31;Đã nhận***14/04/2026 14:10:58;Chưa trả***18/04/2026 08:44:57: 1526_Nguyễn Thành Nam - PIE_Line 11;Đã nhận***20/04/2026 16:39:08;Chưa trả***08/05/2026 14:57:23: 1526_Nguyễn Thành Nam - PIE_Line 11;Đã nhận***13/05/2026 14:15:41;Chưa trả***19/05/2026 09:32:30: 1526_Nguyễn Thành Nam - PIE_Line 12;Đã nhận***13/06/2026 15:35:43;Chưa trả***29/07/2026 13:47:08: 1526_Nguyễn Thành Nam - PIE_Line 14;Đã nhận***20/08/2026 10:58:06 | BS89: Đã kiểm kê | BT89: 46254 | BU89: Trong thời hạn kiểm kê
A90: PIE00089 | N90: . | P90: No need | S90: - | T90: 1 | U90: Normal | AC90: PIE00089 | AF90: \\vnad\common\PIE\PIE STAFF 04 (Mr. Hoang)\2. Files, documents\File thiết bị\Hình ảnh\PIE00089.jpg | AG90: PIE00089 | AH90: .Hủy mã do không sử dụng | AK90: PIE00089PIE00089 | AL90: PIE00089 | AN90: RC-3 Loop pedal RC-3 Bàn đạp vòng lặp RC-3 BOSS RC-3 CUS0983 Roland | AO90: - | AS90: 89 | AZ90: - | BE90: Hủy mã do không sử dụng | BF90: Jig_Equipment picture/PIE00089.jpg | BH90: Đúng | BL90: 0 | BU90: -
A91: PIE00090 | B91: Pedal Roland EV-5 | C91: Bàn đạp EV-5 | D91: Roland | E91: EV-5 | F91: BZ37002 | G91: CUS0615 | H91: Roland | K91: No Need | N91: - | P91: No need | S91: - | T91: 1 | U91: Normal | X91: Roland | AB91: EQ | AC91: PIE00090 | AF91: \\vnad\common\PIE\PIE STAFF 04 (Mr. Hoang)\2. Files, documents\File thiết bị\Hình ảnh\PIE00090.jpg | AG91: PIE00090 | AK91: PIE00090Pedal Roland EV-5Bàn đạp EV-5RolandEV-5BZ37002CUS0615Roland | AM91: 23 | AO91: Pedal Roland EV-5 | AP91: Đã kiểm kê 21/11/2025 | AS91: 90 | AZ91: OQC | BD91: 46036.386 | BE91: Bình thường | BF91: Jig_Equipment picture/PIE00090.jpg | BH91: Đúng | BK91: Cố định | BL91: 1 | BN91: *** | BS91: Đã kiểm kê | BT91: 45982 | BU91: Cần phải kiểm kê
A92: PIE00091 | B92: Signal Generator | C92: Máy tạo sóng | D92: LWDQGS | E92: TAG-101 | F92: 221105828 | H92: Roland | J92: Máy tạo sóng | K92: External | L92: 46157 | M92: 46522 | N92: Còn hiệu lực hiệu chuẩn | P92: No need | S92: - | T92: 1 | U92: Normal | V92: 51008 | X92: TS | AB92: EQ | AC92: PIE00091 | AF92: \\vnad\common\PIE\PIE STAFF 04 (Mr. Hoang)\2. Files, documents\File thiết bị\Hình ảnh\PIE00091.jpg | AG92: PIE00091 | AK92: PIE00091Signal GeneratorMáy tạo sóngLWDQGSTAG-101221105828RolandMáy tạo sóng | AM92: 23 | AO92: Signal Generator | AP92: Đã kiểm kê 21/11/2025 | AS92: 91 | AZ92: OQC | BD92: 46158.674 | BF92: Jig_Equipment picture/PIE00091.jpg | BH92: Đúng | BI92: [{"provider":"github","fileId":"","path":"Calibration_reports/2026/08/PIE00091/233/115321846_b9029cfc_TSG-654572.pdf","sha":"94774b41b4ed95f1d873af2a43f251e6c3c924da","name":"TSG-654572.pdf","mimeType":"application/pdf","size":1336247,"url":"https://github.com/phunghuyhoangdaniel/MPVNEquipmentCalibration/blob/main/Calibration_reports/2026/08/PIE00091/233/115321846_b9029cfc_TSG-654572.pdf","downloadUrl":"https://raw.githubusercontent.com/phunghuyhoangdaniel/MPVNEquipmentCalibration/main/Calibration_reports/2026/08/PIE00091/233/115321846_b9029cfc_TSG-654572.pdf","repo":"phunghuyhoangdaniel/MPVNEquipmentCalibration","branch":"main"}] | BK92: Cố định | BL92: 3 | BN92: *** | BO92: ;*** | BQ92: 05/16/2026 16:09:50 : External 05/15/2026 - 05/15/2027 _ _ | BR92: ;05/16/2026 16:09:36 : External 05/15/2026 - 05/24/2026 _ _;05/16/2026 16:09:50 : External 05/15/2026 - 05/15/2027 _ _ | BS92: Đã kiểm kê | BT92: 45982 | BU92: Cần phải kiểm kê
A93: PIE00092 | B93: Signal Generator | C93: Máy tạo sóng dùng cho sản xuất | D93: KENWOOD | E93: AG-203D | F93: 9040297 | H93: Roland | J93: Máy tạo sóng | K93: External | L93: 45891 | M93: 46254 | N93: Hết hạn hiệu chuẩn | P93: No need | S93: - | T93: 1 | U93: Normal | V93: 50588 | X93: TS | AB93: EQ | AC93: PIE00092 | AF93: \\vnad\common\PIE\PIE STAFF 04 (Mr. Hoang)\2. Files, documents\File thiết bị\Hình ảnh\PIE00092.jpg | AG93: PIE00092 | AK93: PIE00092Signal GeneratorMáy tạo sóng dùng cho sản xuấtKENWOODAG-203D9040297RolandMáy tạo sóng | AM93: 23 | AO93: Signal Generator | AP93: Đã kiểm kê 28/08/2026 | AS93: 92 | AU93: Đã nhận | AW93: 46262.649 | AX93: - | AZ93: JIG | BD93: 46262.651 | BE93: Bình thường | BF93: Jig_Equipment picture/PIE00092.jpg | BH93: Đúng | BL93: 10 | BN93: Đã nhận***28/08/2026 15:34:56 | BO93: ;Đã nhận***16/12/2025 09:35:16;Đã nhận***28/08/2026 15:34:53;Đã nhận***28/08/2026 15:34:56 | BS93: Đã kiểm kê | BT93: 46262 | BU93: Trong thời hạn kiểm kê
A94: PIE00093 | N94: . | P94: No need | S94: - | T94: 1 | U94: Normal | AC94: PIE00093 | AF94: \\vnad\common\PIE\PIE STAFF 04 (Mr. Hoang)\2. Files, documents\File thiết bị\Hình ảnh\PIE00093.jpg | AG94: PIE00093 | AH94: .Hủy mã do không sử dụng | AK94: PIE00093PIE00093 | AL94: PIE00093 | AO94: - | AS94: 93 | AZ94: - | BE94: Hủy mã do không sử dụng | BF94: Jig_Equipment picture/PIE00093.jpg | BH94: Đúng | BL94: 0 | BU94: -
A95: PIE00094 | B95: Monitor | C95: Màn hình | D95: SAMSUNG | E95: F24T350FHE | F95: 0D46HNAT900343B | H95: Common | J95: Màn hình máy tính dùng cho sản xuất | K95: No Need | N95: - | P95: No need | S95: - | T95: 1 | U95: Normal | V95: 50612 | X95: IT | AB95: EQ | AC95: PIE00094 | AF95: \\vnad\common\PIE\PIE STAFF 04 (Mr. Hoang)\2. Files, documents\File thiết bị\Hình ảnh\PIE00094.jpg | AG95: PIE00094 | AK95: PIE00094MonitorMàn hìnhSAMSUNGF24T350FHE0D46HNAT900343BCommonMàn hình máy tính dùng cho sản xuất | AM95: 24 | AO95: Monitor | AP95: Đã kiểm kê 22/12/2025 | AS95: 94 | AU95: Đã nhận | AV95: 46013.332 | AW95: 46013.566 | AX95: - | AZ95: JIG | BD95: 46013.583 | BE95: Bình thường | BF95: Jig_Equipment picture/PIE00094.jpg | BH95: Đúng | BL95: 65 | BN95: Đã nhận***22/12/2025 13:35:32 | BO95: ;Chưa trả***13/09/2025 11:25:57: 1276_Nguyễn Hải Văn - PIE_Line 12;Chưa trả***22/12/2025 07:57:29: 1276_Nguyễn Hải Văn - PIE_Line 12;Chưa trả***22/12/2025 07:57:29: 1276_Nguyễn Hải Văn - PIE_Line 3;Đã nhận***22/12/2025 13:35:17;Đã nhận***22/12/2025 13:35:18;Đã nhận***22/12/2025 13:35:32 | BS95: Đã kiểm kê | BT95: 46013 | BU95: Cần phải kiểm kê
A96: PIE00095 | B96: Jig | C96: Jig kiểm tra chức năng | D96: TS | E96: TS | H96: Roland | I96: DB-90 | J96: Jig nguồn Roland | K96: Internal | L96: 45939 | M96: 46304 | N96: Còn hiệu lực hiệu chuẩn | P96: No need | S96: - | T96: 1 | U96: Normal | X96: TS | AB96: JI | AC96: PIE00095 | AE96: 1 | AF96: \\vnad\common\PIE\PIE STAFF 04 (Mr. Hoang)\2. Files, documents\File thiết bị\Hình ảnh\PIE00095.jpg | AG96: PIE00095 | AK96: PIE00095JigJig kiểm tra chức năngTSTSRolandDB-90Jig nguồn Roland | AM96: 23 | AO96: Jig | AP96: Đã kiểm kê 20/08/2026 | AS96: 95 | AU96: Đã nhận | AV96: 46251.445 | AW96: 46254.457 | AX96: - | AZ96: JIG | BD96: 46254.465 | BE96: Bình thường | BF96: Jig_Equipment picture/PIE00095.jpg | BH96: Đúng | BL96: 527 | BN96: Đã nhận***20/08/2026 10:58:07 | BO96: ;Chưa trả***17/10/2025 15:17:27: -__-;Chưa trả***17/10/2025 15:17:27: 11660__Line 11;Chưa trả***09/12/2025 13:20:26: 1660_Trịnh Trung Tuyến - PIE_Line 11;Đã nhận***16/12/2025 09:12:49;Đã nhận***26/12/2025 15:50:53;Chưa trả***10/02/2026 09:56:15: 1276_Nguyễn Hải Văn - PIE_Line 13;Đã nhận***13/02/2026 10:52:46;Chưa trả***23/02/2026 11:24:09: 1276_Nguyễn Hải Văn - PIE_Line 13;Chưa trả***23/02/2026 11:24:11: 1276_Nguyễn Hải Văn - PIE_Line 13;Đã nhận***25/02/2026 18:15:13;Chưa trả***08/04/2026 15:46:46: 1526_Nguyễn Thành Nam - PIE_Line 12;Đã nhận***21/04/2026 15:29:22;Chưa trả***05/06/2026 09:18:39: 1526_Nguyễn Thành Nam - PIE_Line 14;Đã nhận***10/06/2026 16:05:15;Chưa trả***06/07/2026 14:02:06: 1526_Nguyễn Thành Nam - PIE_Line 11;Chưa trả***06/07/2026 14:02:12: 1526_Nguyễn Thành Nam - PIE_Line 11;Đã nhận***10/07/2026 15:24:50;Chưa trả***17/08/2026 10:41:08: 1526_Nguyễn Thành Nam - PIE_Line 11;Đã nhận***20/08/2026 10:58:07 | BS96: Đã kiểm kê | BT96: 46254 | BU96: Trong thời hạn kiểm kê
A97: PIE00096 | B97: Ion Fan | C97: Quạt ion | D97: AEROSTATPC | H97: Roland | J97: Quạt tĩnh điện | K97: No Need | N97: - | P97: No need | S97: - | T97: 1 | U97: Normal | V97: 51013 | X97: TS | AB97: EQ | AC97: PIE00096 | AF97: \\vnad\common\PIE\PIE STAFF 04 (Mr. Hoang)\2. Files, documents\File thiết bị\Hình ảnh\PIE00096.jpg | AG97: PIE00096 | AK97: PIE00096Ion FanQuạt ionAEROSTATPCRolandQuạt tĩnh điện | AM97: 23 | AO97: Ion Fan | AP97: Đã kiểm kê 31/07/2026 | AS97: 96 | AU97: Chưa trả | AV97: 46234.411 | AW97: 46233.779 | AX97: 916 | AY97: Kiều Thị Thơm - FA | AZ97: Line 11 | BD97: 46234.411 | BE97: Bình thường | BF97: Jig_Equipment picture/PIE00096.jpg | BH97: Đúng | BL97: 4 | BN97: Chưa trả***31/07/2026 09:51:37: 916_Kiều Thị Thơm - FA_Line 11 | BO97: ;***;Đã nhận***14/03/2026 19:16:41;Chưa trả***24/03/2026 11:18:01: 1526_Nguyễn Thành Nam - PIE_Line 6;Chưa trả***24/03/2026 11:18:01: 1526_Nguyễn Thành Nam - PIE_Line 12;Đã nhận***20/04/2026 13:53:25;Chưa trả***28/04/2026 19:25:45: 1276_Nguyễn Hải Văn - PIE_Line 12;Đã nhận***09/05/2026 13:05:36;Chưa trả***12/05/2026 16:45:53: 1526_Nguyễn Thành Nam - PIE_Line 11;Đã nhận***20/05/2026 15:14:15;Chưa trả***28/05/2026 11:04:28: -__JIG;Chưa trả***28/05/2026 11:04:28: 837_Chu Tiến Dũng - PIE_Line 4;Đã nhận***29/05/2026 09:20:20;Đã nhận***13/06/2026 15:17:23;Chưa trả***13/06/2026 15:17:26: 1526_Nguyễn Thành Nam - PIE_Line 14;Đã nhận***25/06/2026 17:56:38;Chưa trả***28/07/2026 14:16:43: 813_Phạm Đức Trung - PIE_Line 12;Đã nhận***30/07/2026 18:41:56;Chưa trả***31/07/2026 09:51:37: 916_Kiều Thị Thơm - FA_Line 11 | BS97: Đã kiểm kê | BT97: 46234 | BU97: Trong thời hạn kiểm kê
A98: PIE00097 | B98: Battery Comprehensive Tester | C98: Máy kiểm tra pin | D98: Testpad | E98: BTS-2002/2004 | F98: BTS-2002/2004 | H98: Roland | K98: External | L98: 46157 | M98: 46522 | N98: Còn hiệu lực hiệu chuẩn | P98: No need | S98: - | T98: 1 | U98: Normal | V98: 51194 | X98: TS | AB98: EQ | AC98: PIE00097 | AF98: \\vnad\common\PIE\PIE STAFF 04 (Mr. Hoang)\2. Files, documents\File thiết bị\Hình ảnh\PIE00097.jpg | AG98: PIE00097 | AK98: PIE00097Battery Comprehensive TesterMáy kiểm tra pinTestpadBTS-2002/2004BTS-2002/2004Roland | AM98: 23 | AO98: Battery Comprehensive Tester | AP98: Đã kiểm kê 26/08/2026 | AS98: 97 | AU98: Đã nhận | AV98: 46260.38 | AW98: 46260.477 | AX98: - | AZ98: JIG | BD98: 46260.49 | BE98: Bình thường | BF98: Jig_Equipment picture/PIE00097.jpg | BH98: Đúng | BI98: [{"provider":"github","fileId":"","path":"Calibration_reports/2026/08/PIE00097/205/115103245_841b1f7a_TSG-654549.pdf","sha":"6cc352a52d53ffff96f42d6f89e2301afe44376f","name":"TSG-654549.pdf","mimeType":"application/pdf","size":1299079,"url":"https://github.com/phunghuyhoangdaniel/MPVNEquipmentCalibration/blob/main/Calibration_reports/2026/08/PIE00097/205/115103245_841b1f7a_TSG-654549.pdf","downloadUrl":"https://raw.githubusercontent.com/phunghuyhoangdaniel/MPVNEquipmentCalibration/main/Calibration_reports/2026/08/PIE00097/205/115103245_841b1f7a_TSG-654549.pdf","repo":"phunghuyhoangdaniel/MPVNEquipmentCalibration","branch":"main"}] | BL98: 2 | BN98: Đã nhận***26/08/2026 11:27:30 | BO98: ;Chưa trả***20/11/2025 13:30:10: 1276_Nguyễn Hải Văn - PIE_Line 14;Chưa trả***20/11/2025 13:39:42: 1276_Nguyễn Hải Văn - PIE_Line 14;Đã nhận***26/12/2025 14:14:49;Đã nhận***11/05/2026 14:50:23;Chưa trả***01/08/2026 19:03:04: 1526_Nguyễn Thành Nam - PIE_Line 14;Chưa trả***26/08/2026 09:07:40: 813_Phạm Đức Trung - PIE_PIE;Đã nhận***26/08/2026 11:27:30 | BQ98: 05/16/2026 16:36:57 : External 05/15/2026 - 05/15/2027 _ _ | BR98: ;05/16/2026 16:36:44 : External 05/15/2026 - 05/24/2026 _ _;05/16/2026 16:36:57 : External 05/15/2026 - 05/15/2027 _ _ | BS98: Đã kiểm kê | BT98: 46260 | BU98: Trong thời hạn kiểm kê
A99: PIE00098 | B99: Footswitch FS-5U | C99: Bàn đạp FS-5U dùng cho sản xuất | D99: BOSS | E99: FS-5U | F99: S2B0645 | G99: CUS0677 | H99: Roland | K99: No Need | N99: - | P99: No need | S99: - | T99: 1 | U99: Normal | X99: Roland | AB99: EQ | AC99: PIE00098 | AF99: \\vnad\common\PIE\PIE STAFF 04 (Mr. Hoang)\2. Files, documents\File thiết bị\Hình ảnh\PIE00098.jpg | AG99: PIE00098 | AK99: PIE00098Footswitch FS-5UBàn đạp FS-5U dùng cho sản xuấtBOSSFS-5US2B0645CUS0677Roland | AM99: 23 | AO99: Footswitch FS-5U | AP99: Đã kiểm kê 29/07/2026 | AS99: 98 | AU99: Đã nhận | AV99: 46232.359 | AW99: 46232.742 | AX99: - | AZ99: JIG | BD99: 46232.743 | BE99: Bình thường | BF99: Jig_Equipment picture/PIE00098.jpg | BH99: Đúng | BL99: 7 | BN99: Đã nhận***29/07/2026 17:48:56 | BO99: ;***;Chưa trả***29/07/2026 08:37:29: 1719_Hoàng Minh Trọng - Engineering_ENG;Đã nhận***29/07/2026 17:48:56 | BS99: Đã kiểm kê | BT99: 46232 | BU99: Trong thời hạn kiểm kê
A100: PIE00099 | B100: Jig | C100: Jig kiểm tra chức năng | G100: DCV01B | H100: Hasbro | J100: Jig nguồn Hasbro 220VAC, 10W | K100: Internal | L100: 46206 | M100: 46571 | N100: Còn hiệu lực hiệu chuẩn | P100: No need | S100: - | T100: 1 | U100: Normal | X100: TS | AB100: JI | AC100: PIE00099 | AF100: \\vnad\common\PIE\PIE STAFF 04 (Mr. Hoang)\2. Files, documents\File thiết bị\Hình ảnh\PIE00099.jpg | AG100: PIE00099 | AK100: PIE00099JigJig kiểm tra chức năngDCV01BHasbroJig nguồn Hasbro 220VAC, 10W | AM100: 23 | AO100: Jig | AP100: Đã kiểm kê 24/07/2026 | AS100: 99 | AU100: Chưa trả | AV100: 46227.644 | AW100: 46226.464 | AX100: 2205 | AY100: Nguyễn Quang Hồng - PIE | AZ100: Line 6 | BD100: 46248.692 | BE100: Bình thường | BF100: Jig_Equipment picture/PIE00099.jpg | BH100: Đúng | BI100: [{"provider":"github","fileId":"","path":"Calibration_reports/2026/08/PIE00099/252/113212707_2107fc2e_MPVN-2026-174.pdf","sha":"5badd3d903c80570c3de6b8247fa5d1e6db073e3","name":"MPVN-2026-174.pdf","mimeType":"application/pdf","size":60175,"url":"https://github.com/phunghuyhoangdaniel/MPVNEquipmentCalibration/blob/main/Calibration_reports/2026/08/PIE00099/252/113212707_2107fc2e_MPVN-2026-174.pdf","downloadUrl":"https://raw.githubusercontent.com/phunghuyhoangdaniel/MPVNEquipmentCalibration/main/Calibration_reports/2026/08/PIE00099/252/113212707_2107fc2e_MPVN-2026-174.pdf","repo":"phunghuyhoangdaniel/MPVNEquipmentCalibration","branch":"main"}] | BL100: 527 | BN100: Chưa trả***24/07/2026 15:27:35: 2205_Nguyễn Quang Hồng - PIE_Line 6 | BO100: ;Chưa trả***06/10/2025 14:39:09: 537_Ngô Văn Phương - PIE_Line 5;Chưa trả***06/10/2025 14:39:09: 837_Chu Tiến Dũng - PIE_Line 2;Đã nhận***19/12/2025 13:53:57;Chưa trả***14/03/2026 14:34:49: 837_Chu Tiến Dũng - PIE_Line 4;Đã nhận***25/03/2026 17:57:33;Đã nhận***25/06/2026 10:30:00;Chưa trả***10/07/2026 11:06:05: 837_Chu Tiến Dũng - PIE_Line 7;Đã nhận***23/07/2026 11:08:05;Đã nhận***23/07/2026 11:08:06;Chưa trả***24/07/2026 15:27:35: 2205__Line 6 | BS100: Đã kiểm kê | BT100: 46227 | BU100: Trong thời hạn kiểm kê
...
